use RCITrain

-- Some RCIS for all residents below.
SET IDENTITY_INSERT Rci ON

-- Road hall RA Rcis
INSERT [dbo].[Rci] ([RciID], [IsCurrent], [CreationDate], [BuildingCode], [RoomNumber], [GordonID], [SessionCode], [CheckinSigRes], [CheckinSigRA], [CheckinSigRD], [LifeAndConductSigRes], [CheckoutSigRes], [CheckoutSigRA], [CheckoutSigRD], [CheckoutSigRAGordonID], [CheckoutSigRDGordonID], [CheckinSigRAGordonID], [CheckinSigRDGordonID]) 
VALUES (6660, 1, CAST(N'2017-08-19T00:00:00.000' AS DateTime), N'GED', N'103', N'50189983', N'201709', CAST(N'2017-09-04' AS Date), CAST(N'2017-09-04' AS Date), CAST(N'2017-09-08' AS Date), CAST(N'2017-09-04' AS Date), CAST(N'2018-05-21' AS Date), CAST(N'2018-05-21' AS Date), CAST(N'2018-05-21' AS Date), N'9529423', N'9529423', N'50189983', N'9529423')

-- Drew RA Rcis
INSERT [dbo].[Rci] ([RciID], [IsCurrent], [CreationDate], [BuildingCode], [RoomNumber], [GordonID], [SessionCode], [CheckinSigRes], [CheckinSigRA], [CheckinSigRD], [LifeAndConductSigRes], [CheckoutSigRes], [CheckoutSigRA], [CheckoutSigRD], [CheckoutSigRAGordonID], [CheckoutSigRDGordonID], [CheckinSigRAGordonID], [CheckinSigRDGordonID])
VALUES (7051, 1, CAST(N'2017-08-24T16:05:00.670' AS DateTime), N'DRW', N'107', N'50159101', N'201709', CAST(N'2017-09-12' AS Date), CAST(N'2017-09-12' AS Date), CAST(N'2017-09-19' AS Date), CAST(N'2017-09-12' AS Date), CAST(N'2018-05-21' AS Date), CAST(N'2018-05-21' AS Date), CAST(N'2018-05-21' AS Date), N'9582572', N'9582572', N'50159101', N'9582572')

-- Tavilla RA Rcis
INSERT [dbo].[Rci] ([RciID], [IsCurrent], [CreationDate], [BuildingCode], [RoomNumber], [GordonID], [SessionCode], [CheckinSigRes], [CheckinSigRA], [CheckinSigRD], [LifeAndConductSigRes], [CheckoutSigRes], [CheckoutSigRA], [CheckoutSigRD], [CheckoutSigRAGordonID], [CheckoutSigRDGordonID], [CheckinSigRAGordonID], [CheckinSigRDGordonID]) 
VALUES (6498, 1, CAST(N'2017-08-19T00:00:00.000' AS DateTime), N'TAV', N'320C', N'50123937', N'201709', CAST(N'2018-05-10' AS Date), CAST(N'2018-05-10' AS Date), CAST(N'2018-05-10' AS Date), CAST(N'2018-05-10' AS Date), NULL, NULL, NULL, NULL, NULL, N'9456935', N'9456935')
INSERT [dbo].[Rci] ([RciID], [IsCurrent], [CreationDate], [BuildingCode], [RoomNumber], [GordonID], [SessionCode], [CheckinSigRes], [CheckinSigRA], [CheckinSigRD], [LifeAndConductSigRes], [CheckoutSigRes], [CheckoutSigRA], [CheckoutSigRD], [CheckoutSigRAGordonID], [CheckoutSigRDGordonID], [CheckinSigRAGordonID], [CheckinSigRDGordonID]) 
VALUES (7155, 1, CAST(N'2017-08-29T20:59:37.270' AS DateTime), N'TAV', N'320B', N'50123937', N'201709', CAST(N'2017-09-03' AS Date), CAST(N'2017-09-03' AS Date), CAST(N'2017-12-20' AS Date), CAST(N'2017-09-03' AS Date), CAST(N'2018-05-20' AS Date), CAST(N'2018-05-20' AS Date), CAST(N'2018-05-31' AS Date), N'50123937', N'40000911', N'50123937', NULL)

-- Road Hall Resident RcIs
INSERT [dbo].[Rci] ([RciID], [IsCurrent], [CreationDate], [BuildingCode], [RoomNumber], [GordonID], [SessionCode], [CheckinSigRes], [CheckinSigRA], [CheckinSigRD], [LifeAndConductSigRes], [CheckoutSigRes], [CheckoutSigRA], [CheckoutSigRD], [CheckoutSigRAGordonID], [CheckoutSigRDGordonID], [CheckinSigRAGordonID], [CheckinSigRDGordonID])
VALUES (6080, 1, CAST(N'2017-08-19T00:00:00.000' AS DateTime), N'NYL', N'319', N'50051424', N'201709', CAST(N'2017-08-30' AS Date), CAST(N'2017-09-01' AS Date), CAST(N'2017-09-07' AS Date), CAST(N'2017-08-30' AS Date), CAST(N'2018-05-16' AS Date), CAST(N'2018-05-16' AS Date), CAST(N'2018-05-20' AS Date), N'50192161', N'40000912', N'50192161', N'40000912')

INSERT [dbo].[Rci] ([RciID], [IsCurrent], [CreationDate], [BuildingCode], [RoomNumber], [GordonID], [SessionCode], [CheckinSigRes], [CheckinSigRA], [CheckinSigRD], [LifeAndConductSigRes], [CheckoutSigRes], [CheckoutSigRA], [CheckoutSigRD], [CheckoutSigRAGordonID], [CheckoutSigRDGordonID], [CheckinSigRAGordonID], [CheckinSigRDGordonID])
VALUES (6696, 1, CAST(N'2017-08-19T00:00:00.000' AS DateTime), N'GRA', N'113', N'50070852', N'201709', CAST(N'2018-05-10' AS Date), CAST(N'2018-05-10' AS Date), CAST(N'2018-05-10' AS Date), CAST(N'2018-05-10' AS Date), CAST(N'2018-05-17' AS Date), CAST(N'2018-05-17' AS Date), CAST(N'2018-05-20' AS Date), N'50194231', N'9529423', N'9456935', N'9456935')

-- Drew Resident Rcis
INSERT [dbo].[Rci] ([RciID], [IsCurrent], [CreationDate], [BuildingCode], [RoomNumber], [GordonID], [SessionCode], [CheckinSigRes], [CheckinSigRA], [CheckinSigRD], [LifeAndConductSigRes], [CheckoutSigRes], [CheckoutSigRA], [CheckoutSigRD], [CheckoutSigRAGordonID], [CheckoutSigRDGordonID], [CheckinSigRAGordonID], [CheckinSigRDGordonID]) 
VALUES (7065, 1, CAST(N'2017-08-24T16:05:00.670' AS DateTime), N'DRW', N'101', N'50064773', N'201709', CAST(N'2017-09-12' AS Date), CAST(N'2017-09-12' AS Date), CAST(N'2017-09-19' AS Date), CAST(N'2017-09-12' AS Date), CAST(N'2018-05-19' AS Date), CAST(N'2018-05-19' AS Date), CAST(N'2018-05-20' AS Date), N'50193896', N'9582572', N'50183742', N'9582572')

INSERT [dbo].[Rci] ([RciID], [IsCurrent], [CreationDate], [BuildingCode], [RoomNumber], [GordonID], [SessionCode], [CheckinSigRes], [CheckinSigRA], [CheckinSigRD], [LifeAndConductSigRes], [CheckoutSigRes], [CheckoutSigRA], [CheckoutSigRD], [CheckoutSigRAGordonID], [CheckoutSigRDGordonID], [CheckinSigRAGordonID], [CheckinSigRDGordonID]) 
VALUES (6675, 1, CAST(N'2017-08-19T00:00:00.000' AS DateTime), N'CON', N'104', N'50083072', N'201709', CAST(N'2017-09-01' AS Date), CAST(N'2017-09-13' AS Date), CAST(N'2017-12-06' AS Date), CAST(N'2017-09-01' AS Date), CAST(N'2017-12-21' AS Date), CAST(N'2017-12-21' AS Date), CAST(N'2017-12-22' AS Date), N'50047029', N'9529423', N'50164148', N'9529423')

-- Tavilla Resident Rcis
INSERT [dbo].[Rci] ([RciID], [IsCurrent], [CreationDate], [BuildingCode], [RoomNumber], [GordonID], [SessionCode], [CheckinSigRes], [CheckinSigRA], [CheckinSigRD], [LifeAndConductSigRes], [CheckoutSigRes], [CheckoutSigRA], [CheckoutSigRD], [CheckoutSigRAGordonID], [CheckoutSigRDGordonID], [CheckinSigRAGordonID], [CheckinSigRDGordonID])
VALUES (5488, 1, CAST(N'2017-08-17T00:00:00.000' AS DateTime), N'FUL', N'103', N'50196746', N'201709', CAST(N'2017-08-31' AS Date), CAST(N'2017-09-01' AS Date), CAST(N'2017-10-25' AS Date), CAST(N'2017-08-31' AS Date), CAST(N'2018-05-17' AS Date), CAST(N'2018-05-17' AS Date), CAST(N'2018-05-19' AS Date), N'50192617', N'40000638', N'50112813', N'40000638')

INSERT [dbo].[Rci] ([RciID], [IsCurrent], [CreationDate], [BuildingCode], [RoomNumber], [GordonID], [SessionCode], [CheckinSigRes], [CheckinSigRA], [CheckinSigRD], [LifeAndConductSigRes], [CheckoutSigRes], [CheckoutSigRA], [CheckoutSigRD], [CheckoutSigRAGordonID], [CheckoutSigRDGordonID], [CheckinSigRAGordonID], [CheckinSigRDGordonID])
VALUES (6628, 1, CAST(N'2017-08-19T00:00:00.000' AS DateTime), N'TAV', N'B06C', N'50194812', N'201709', CAST(N'2018-05-10' AS Date), CAST(N'2018-05-10' AS Date), CAST(N'2018-05-10' AS Date), CAST(N'2018-05-10' AS Date), NULL, NULL, NULL, NULL, NULL, N'9456935', N'9456935')
INSERT [dbo].[Rci] ([RciID], [IsCurrent], [CreationDate], [BuildingCode], [RoomNumber], [GordonID], [SessionCode], [CheckinSigRes], [CheckinSigRA], [CheckinSigRD], [LifeAndConductSigRes], [CheckoutSigRes], [CheckoutSigRA], [CheckoutSigRD], [CheckoutSigRAGordonID], [CheckoutSigRDGordonID], [CheckinSigRAGordonID], [CheckinSigRDGordonID])
VALUES (7163, 1, CAST(N'2017-08-29T20:59:37.270' AS DateTime), N'TAV', N'B06A', N'50194812', N'201709', CAST(N'2017-09-04' AS Date), CAST(N'2017-09-12' AS Date), CAST(N'2017-12-20' AS Date), CAST(N'2017-09-04' AS Date), CAST(N'2018-05-19' AS Date), CAST(N'2018-05-19' AS Date), CAST(N'2018-05-31' AS Date), N'50117966', N'40000911', N'50117966', NULL)

SET IDENTITY_INSERT Rci OFF

SET IDENTITY_INSERT RciComponent ON

INSERT [dbo].[RciComponent] ([RciComponentID], [RciComponentName], [RciID], [RciComponentDescription], [SuggestedCosts]) VALUES (126273, N'Bed Frame', 7163, N'Main Room', N'Fixing Cost,50|')
INSERT [dbo].[RciComponent] ([RciComponentID], [RciComponentName], [RciID], [RciComponentDescription], [SuggestedCosts]) VALUES (126274, N'Bed Mattress', 7163, N'Main Room', N'Replacement Cost,125|')
INSERT [dbo].[RciComponent] ([RciComponentID], [RciComponentName], [RciID], [RciComponentDescription], [SuggestedCosts]) VALUES (126275, N'Bed Cover', 7163, N'Main Room', N'Replacement Cost,30|')
INSERT [dbo].[RciComponent] ([RciComponentID], [RciComponentName], [RciID], [RciComponentDescription], [SuggestedCosts]) VALUES (126276, N'Carpet', 7163, N'Main Room', N'Minor Burn,60|Medium Stain,60|Carpet Replacement,400|')
INSERT [dbo].[RciComponent] ([RciComponentID], [RciComponentName], [RciID], [RciComponentDescription], [SuggestedCosts]) VALUES (126277, N'Closet Door', 7163, N'Main Room', N'Door Replacement,100|')
INSERT [dbo].[RciComponent] ([RciComponentID], [RciComponentName], [RciID], [RciComponentDescription], [SuggestedCosts]) VALUES (126278, N'Closet Shelves', 7163, N'Main Room', N'Shelf Replacement,25|')
INSERT [dbo].[RciComponent] ([RciComponentID], [RciComponentName], [RciID], [RciComponentDescription], [SuggestedCosts]) VALUES (126279, N'Desk - Lamp/Light', 7163, N'Main Room', N'Replacement Cost,15|')
INSERT [dbo].[RciComponent] ([RciComponentID], [RciComponentName], [RciID], [RciComponentDescription], [SuggestedCosts]) VALUES (126280, N'Desk - Surface top', 7163, N'Main Room', N'Fixing Cost,40|')
INSERT [dbo].[RciComponent] ([RciComponentID], [RciComponentName], [RciID], [RciComponentDescription], [SuggestedCosts]) VALUES (126281, N'Desk - Computer Drawer', 7163, N'Main Room', N'Fixing Cost,25|')
INSERT [dbo].[RciComponent] ([RciComponentID], [RciComponentName], [RciID], [RciComponentDescription], [SuggestedCosts]) VALUES (126282, N'Desk Chair', 7163, N'Main Room', N'Replacement Cost,40|')
INSERT [dbo].[RciComponent] ([RciComponentID], [RciComponentName], [RciID], [RciComponentDescription], [SuggestedCosts]) VALUES (126283, N'Door', 7163, N'Main Room', N'Replacement Cost,300|Lock Damage,200|Lockset Replacement,400|Card Access Lock Replacement,500|')
INSERT [dbo].[RciComponent] ([RciComponentID], [RciComponentName], [RciID], [RciComponentDescription], [SuggestedCosts]) VALUES (126284, N'Dresser surface', 7163, N'Main Room', N'Fixing Cost,15|')
INSERT [dbo].[RciComponent] ([RciComponentID], [RciComponentName], [RciID], [RciComponentDescription], [SuggestedCosts]) VALUES (126285, N'Dresser drawers', 7163, N'Main Room', N'Fixing Cost,35|')
INSERT [dbo].[RciComponent] ([RciComponentID], [RciComponentName], [RciID], [RciComponentDescription], [SuggestedCosts]) VALUES (126286, N'Ceiling Light', 7163, N'Main Room', N'Replacement Cost,60|')
INSERT [dbo].[RciComponent] ([RciComponentID], [RciComponentName], [RciID], [RciComponentDescription], [SuggestedCosts]) VALUES (126287, N'Outlets/Switches', 7163, N'Main Room', N'Replacement Cost,20|')
INSERT [dbo].[RciComponent] ([RciComponentID], [RciComponentName], [RciID], [RciComponentDescription], [SuggestedCosts]) VALUES (126288, N'Thermostat/Heat Control', 7163, N'Main Room', N'Replacement Cost,100|')
INSERT [dbo].[RciComponent] ([RciComponentID], [RciComponentName], [RciID], [RciComponentDescription], [SuggestedCosts]) VALUES (126289, N'Mirror', 7163, N'Main Room', N'Broken mirror,60|Stickers/marks,5|')
INSERT [dbo].[RciComponent] ([RciComponentID], [RciComponentName], [RciID], [RciComponentDescription], [SuggestedCosts]) VALUES (126290, N'Wall', 7163, N'Main Room', N'Abusive Wear Cost,50|Paint chips,5|Small Holes,50|')
INSERT [dbo].[RciComponent] ([RciComponentID], [RciComponentName], [RciID], [RciComponentDescription], [SuggestedCosts]) VALUES (126291, N'Ceiling', 7163, N'Main Room', N'Abusive Wear Cost,35|Paint chips,5|')
INSERT [dbo].[RciComponent] ([RciComponentID], [RciComponentName], [RciID], [RciComponentDescription], [SuggestedCosts]) VALUES (126292, N'Telephone Outlet', 7163, N'Main Room', N'Replacement Cost,15|')
INSERT [dbo].[RciComponent] ([RciComponentID], [RciComponentName], [RciID], [RciComponentDescription], [SuggestedCosts]) VALUES (126293, N'Computer Outlet', 7163, N'Main Room', N'Replacement Cost,30|')
INSERT [dbo].[RciComponent] ([RciComponentID], [RciComponentName], [RciID], [RciComponentDescription], [SuggestedCosts]) VALUES (126294, N'Window glass', 7163, N'Main Room', N'Cost depends on window size,*|')
INSERT [dbo].[RciComponent] ([RciComponentID], [RciComponentName], [RciID], [RciComponentDescription], [SuggestedCosts]) VALUES (126295, N'Window - lock', 7163, N'Main Room', N'Replacement Cost,30|')
INSERT [dbo].[RciComponent] ([RciComponentID], [RciComponentName], [RciID], [RciComponentDescription], [SuggestedCosts]) VALUES (126296, N'Window - Screen', 7163, N'Main Room', N'Replacement Cost,50|')
INSERT [dbo].[RciComponent] ([RciComponentID], [RciComponentName], [RciID], [RciComponentDescription], [SuggestedCosts]) VALUES (126297, N'Window - Mini-blinds', 7163, N'Main Room', N'Replacement Cost,85|Abusive Wear Cost,3|')
INSERT [dbo].[RciComponent] ([RciComponentID], [RciComponentName], [RciID], [RciComponentDescription], [SuggestedCosts]) VALUES (126298, N'Baseboard Heat Cover', 7163, N'Main Room', N'Replacement Cost,25|')
INSERT [dbo].[RciComponent] ([RciComponentID], [RciComponentName], [RciID], [RciComponentDescription], [SuggestedCosts]) VALUES (126299, N'Other Damages', 7163, N'Main Room', N'')
INSERT [dbo].[RciComponent] ([RciComponentID], [RciComponentName], [RciID], [RciComponentDescription], [SuggestedCosts]) VALUES (126300, N'Improper Checkout', 7163, N'Fine', N'Flat Amount,30|')

INSERT [dbo].[RciComponent] ([RciComponentID], [RciComponentName], [RciID], [RciComponentDescription], [SuggestedCosts]) VALUES (110777, N'Bed Frame', 6628, N'Main Room', N'Fixing Cost,50|')
INSERT [dbo].[RciComponent] ([RciComponentID], [RciComponentName], [RciID], [RciComponentDescription], [SuggestedCosts]) VALUES (110778, N'Bed Mattress', 6628, N'Main Room', N'Replacement Cost,125|')
INSERT [dbo].[RciComponent] ([RciComponentID], [RciComponentName], [RciID], [RciComponentDescription], [SuggestedCosts]) VALUES (110779, N'Bed Cover', 6628, N'Main Room', N'Replacement Cost,30|')
INSERT [dbo].[RciComponent] ([RciComponentID], [RciComponentName], [RciID], [RciComponentDescription], [SuggestedCosts]) VALUES (110780, N'Carpet', 6628, N'Main Room', N'Minor Burn,60|Medium Stain,60|Carpet Replacement,400|')
INSERT [dbo].[RciComponent] ([RciComponentID], [RciComponentName], [RciID], [RciComponentDescription], [SuggestedCosts]) VALUES (110781, N'Closet Door', 6628, N'Main Room', N'Door Replacement,100|')
INSERT [dbo].[RciComponent] ([RciComponentID], [RciComponentName], [RciID], [RciComponentDescription], [SuggestedCosts]) VALUES (110782, N'Closet Shelves', 6628, N'Main Room', N'Shelf Replacement,25|')
INSERT [dbo].[RciComponent] ([RciComponentID], [RciComponentName], [RciID], [RciComponentDescription], [SuggestedCosts]) VALUES (110783, N'Desk - Lamp/Light', 6628, N'Main Room', N'Replacement Cost,15|')
INSERT [dbo].[RciComponent] ([RciComponentID], [RciComponentName], [RciID], [RciComponentDescription], [SuggestedCosts]) VALUES (110784, N'Desk - Surface top', 6628, N'Main Room', N'Fixing Cost,40|')
INSERT [dbo].[RciComponent] ([RciComponentID], [RciComponentName], [RciID], [RciComponentDescription], [SuggestedCosts]) VALUES (110785, N'Desk - Computer Drawer', 6628, N'Main Room', N'Fixing Cost,25|')
INSERT [dbo].[RciComponent] ([RciComponentID], [RciComponentName], [RciID], [RciComponentDescription], [SuggestedCosts]) VALUES (110786, N'Desk Chair', 6628, N'Main Room', N'Replacement Cost,40|')
INSERT [dbo].[RciComponent] ([RciComponentID], [RciComponentName], [RciID], [RciComponentDescription], [SuggestedCosts]) VALUES (110787, N'Door', 6628, N'Main Room', N'Replacement Cost,300|Lock Damage,200|Lockset Replacement,400|Card Access Lock Replacement,500|')
INSERT [dbo].[RciComponent] ([RciComponentID], [RciComponentName], [RciID], [RciComponentDescription], [SuggestedCosts]) VALUES (110788, N'Dresser surface', 6628, N'Main Room', N'Fixing Cost,15|')
INSERT [dbo].[RciComponent] ([RciComponentID], [RciComponentName], [RciID], [RciComponentDescription], [SuggestedCosts]) VALUES (110789, N'Dresser drawers', 6628, N'Main Room', N'Fixing Cost,35|')
INSERT [dbo].[RciComponent] ([RciComponentID], [RciComponentName], [RciID], [RciComponentDescription], [SuggestedCosts]) VALUES (110790, N'Ceiling Light', 6628, N'Main Room', N'Replacement Cost,60|')
INSERT [dbo].[RciComponent] ([RciComponentID], [RciComponentName], [RciID], [RciComponentDescription], [SuggestedCosts]) VALUES (110791, N'Outlets/Switches', 6628, N'Main Room', N'Replacement Cost,20|')
INSERT [dbo].[RciComponent] ([RciComponentID], [RciComponentName], [RciID], [RciComponentDescription], [SuggestedCosts]) VALUES (110792, N'Thermostat/Heat Control', 6628, N'Main Room', N'Replacement Cost,100|')
INSERT [dbo].[RciComponent] ([RciComponentID], [RciComponentName], [RciID], [RciComponentDescription], [SuggestedCosts]) VALUES (110793, N'Mirror', 6628, N'Main Room', N'Broken mirror,60|Stickers/marks,5|')
INSERT [dbo].[RciComponent] ([RciComponentID], [RciComponentName], [RciID], [RciComponentDescription], [SuggestedCosts]) VALUES (110794, N'Wall', 6628, N'Main Room', N'Abusive Wear Cost,50|Paint chips,5|Small Holes,50|')
INSERT [dbo].[RciComponent] ([RciComponentID], [RciComponentName], [RciID], [RciComponentDescription], [SuggestedCosts]) VALUES (110795, N'Ceiling', 6628, N'Main Room', N'Abusive Wear Cost,35|Paint chips,5|')
INSERT [dbo].[RciComponent] ([RciComponentID], [RciComponentName], [RciID], [RciComponentDescription], [SuggestedCosts]) VALUES (110796, N'Telephone Outlet', 6628, N'Main Room', N'Replacement Cost,15|')
INSERT [dbo].[RciComponent] ([RciComponentID], [RciComponentName], [RciID], [RciComponentDescription], [SuggestedCosts]) VALUES (110797, N'Computer Outlet', 6628, N'Main Room', N'Replacement Cost,30|')
INSERT [dbo].[RciComponent] ([RciComponentID], [RciComponentName], [RciID], [RciComponentDescription], [SuggestedCosts]) VALUES (110798, N'Window glass', 6628, N'Main Room', N'Cost depends on window size,*|')
INSERT [dbo].[RciComponent] ([RciComponentID], [RciComponentName], [RciID], [RciComponentDescription], [SuggestedCosts]) VALUES (110799, N'Window - lock', 6628, N'Main Room', N'Replacement Cost,30|')
INSERT [dbo].[RciComponent] ([RciComponentID], [RciComponentName], [RciID], [RciComponentDescription], [SuggestedCosts]) VALUES (110800, N'Window - Screen', 6628, N'Main Room', N'Replacement Cost,50|')
INSERT [dbo].[RciComponent] ([RciComponentID], [RciComponentName], [RciID], [RciComponentDescription], [SuggestedCosts]) VALUES (110801, N'Window - Mini-blinds', 6628, N'Main Room', N'Replacement Cost,85|Abusive Wear Cost,3|')
INSERT [dbo].[RciComponent] ([RciComponentID], [RciComponentName], [RciID], [RciComponentDescription], [SuggestedCosts]) VALUES (110802, N'Baseboard Heat Cover', 6628, N'Main Room', N'Replacement Cost,25|')
INSERT [dbo].[RciComponent] ([RciComponentID], [RciComponentName], [RciID], [RciComponentDescription], [SuggestedCosts]) VALUES (110803, N'Other Damages', 6628, N'Main Room', N'')
INSERT [dbo].[RciComponent] ([RciComponentID], [RciComponentName], [RciID], [RciComponentDescription], [SuggestedCosts]) VALUES (110804, N'Improper Checkout', 6628, N'Fine', N'Flat Amount,30|')

INSERT [dbo].[RciComponent] ([RciComponentID], [RciComponentName], [RciID], [RciComponentDescription], [SuggestedCosts]) VALUES (77048, N'Bed Frame', 5488, N'Main Room', N'Fixing Cost,50|')
INSERT [dbo].[RciComponent] ([RciComponentID], [RciComponentName], [RciID], [RciComponentDescription], [SuggestedCosts]) VALUES (77049, N'Bed Mattress', 5488, N'Main Room', N'Replacement Cost,125|')
INSERT [dbo].[RciComponent] ([RciComponentID], [RciComponentName], [RciID], [RciComponentDescription], [SuggestedCosts]) VALUES (77050, N'Bed Cover', 5488, N'Main Room', N'Replacement Cost,30|')
INSERT [dbo].[RciComponent] ([RciComponentID], [RciComponentName], [RciID], [RciComponentDescription], [SuggestedCosts]) VALUES (77051, N'Carpet', 5488, N'Main Room', N'Minor Burn,80|Medium Stain,60|Carpet Replacement,400|')
INSERT [dbo].[RciComponent] ([RciComponentID], [RciComponentName], [RciID], [RciComponentDescription], [SuggestedCosts]) VALUES (77052, N'Dresser surface', 5488, N'Main Room', N'Fixing Cost,30|')
INSERT [dbo].[RciComponent] ([RciComponentID], [RciComponentName], [RciID], [RciComponentDescription], [SuggestedCosts]) VALUES (77053, N'Dresser drawers', 5488, N'Main Room', N'Fixing Cost,50|')
INSERT [dbo].[RciComponent] ([RciComponentID], [RciComponentName], [RciID], [RciComponentDescription], [SuggestedCosts]) VALUES (77054, N'Desk - Lamp/Light/carrel', 5488, N'Main Room', N'Replacement Cost,50|')
INSERT [dbo].[RciComponent] ([RciComponentID], [RciComponentName], [RciID], [RciComponentDescription], [SuggestedCosts]) VALUES (77055, N'Desk - Surface top', 5488, N'Main Room', N'Fixing Cost,50|')
INSERT [dbo].[RciComponent] ([RciComponentID], [RciComponentName], [RciID], [RciComponentDescription], [SuggestedCosts]) VALUES (77056, N'Desk - Drawer', 5488, N'Main Room', N'Fixing Cost,50|')
INSERT [dbo].[RciComponent] ([RciComponentID], [RciComponentName], [RciID], [RciComponentDescription], [SuggestedCosts]) VALUES (77057, N'Desk Chair', 5488, N'Main Room', N'Replacement Cost,50|')
INSERT [dbo].[RciComponent] ([RciComponentID], [RciComponentName], [RciID], [RciComponentDescription], [SuggestedCosts]) VALUES (77058, N'Door', 5488, N'Main Room', N'Replacement Cost,250|Doorstop Replacement,20|Lock Damage,200|Lockset Replacement,400|')
INSERT [dbo].[RciComponent] ([RciComponentID], [RciComponentName], [RciID], [RciComponentDescription], [SuggestedCosts]) VALUES (77059, N'Ceiling Light', 5488, N'Main Room', N'Replacement Cost,100|')
INSERT [dbo].[RciComponent] ([RciComponentID], [RciComponentName], [RciID], [RciComponentDescription], [SuggestedCosts]) VALUES (77060, N'Outlets/Switches', 5488, N'Main Room', N'Replacement Cost,25|')
INSERT [dbo].[RciComponent] ([RciComponentID], [RciComponentName], [RciID], [RciComponentDescription], [SuggestedCosts]) VALUES (77061, N'Thermostat/Heat Control', 5488, N'Main Room', N'Replacement Cost,100|')
INSERT [dbo].[RciComponent] ([RciComponentID], [RciComponentName], [RciID], [RciComponentDescription], [SuggestedCosts]) VALUES (77062, N'Mirror', 5488, N'Main Room', N'Broken mirror,60|Stickers/marks,5|')
INSERT [dbo].[RciComponent] ([RciComponentID], [RciComponentName], [RciID], [RciComponentDescription], [SuggestedCosts]) VALUES (77063, N'Wall', 5488, N'Main Room', N'Abusive Wear Cost,75|Paint chips,5|Holes,75|')
INSERT [dbo].[RciComponent] ([RciComponentID], [RciComponentName], [RciID], [RciComponentDescription], [SuggestedCosts]) VALUES (77064, N'Ceiling', 5488, N'Main Room', N'Abusive Wear Cost,40|Paint chips,5|Holes,75|')
INSERT [dbo].[RciComponent] ([RciComponentID], [RciComponentName], [RciID], [RciComponentDescription], [SuggestedCosts]) VALUES (77065, N'Wardrobe', 5488, N'Main Room', N'Abusive Wear Cost,100|')
INSERT [dbo].[RciComponent] ([RciComponentID], [RciComponentName], [RciID], [RciComponentDescription], [SuggestedCosts]) VALUES (77066, N'Recycling Basket', 5488, N'Main Room', N'Replacement Cost,20|')
INSERT [dbo].[RciComponent] ([RciComponentID], [RciComponentName], [RciID], [RciComponentDescription], [SuggestedCosts]) VALUES (77067, N'Baseboard Heat Cover', 5488, N'Main Room', N'Replacement Cost,25|')
INSERT [dbo].[RciComponent] ([RciComponentID], [RciComponentName], [RciID], [RciComponentDescription], [SuggestedCosts]) VALUES (77068, N'Outlets', 5488, N'Main Room', N'Replacement Cost,75|')
INSERT [dbo].[RciComponent] ([RciComponentID], [RciComponentName], [RciID], [RciComponentDescription], [SuggestedCosts]) VALUES (77069, N'Window glass', 5488, N'Main Room', N'Cost depends on window size,*|')
INSERT [dbo].[RciComponent] ([RciComponentID], [RciComponentName], [RciID], [RciComponentDescription], [SuggestedCosts]) VALUES (77070, N'Window - lock/crank/lever', 5488, N'Main Room', N'Replacement Cost,50|')
INSERT [dbo].[RciComponent] ([RciComponentID], [RciComponentName], [RciID], [RciComponentDescription], [SuggestedCosts]) VALUES (77071, N'Window - Screen', 5488, N'Main Room', N'Replacement Cost,50|')
INSERT [dbo].[RciComponent] ([RciComponentID], [RciComponentName], [RciID], [RciComponentDescription], [SuggestedCosts]) VALUES (77072, N'Window - Blind Slats', 5488, N'Main Room', N'Replacement Cost,3|')
INSERT [dbo].[RciComponent] ([RciComponentID], [RciComponentName], [RciID], [RciComponentDescription], [SuggestedCosts]) VALUES (77073, N'Window - Cord/Pulley', 5488, N'Main Room', N'Abusive Wear Cost,50|')
INSERT [dbo].[RciComponent] ([RciComponentID], [RciComponentName], [RciID], [RciComponentDescription], [SuggestedCosts]) VALUES (77074, N'Sink Unit', 5488, N'Main Room', N'Abusive Wear Cost,50|')
INSERT [dbo].[RciComponent] ([RciComponentID], [RciComponentName], [RciID], [RciComponentDescription], [SuggestedCosts]) VALUES (77075, N'Other Damages In Bathroom Area', 5488, N'Main Room', N'')
INSERT [dbo].[RciComponent] ([RciComponentID], [RciComponentName], [RciID], [RciComponentDescription], [SuggestedCosts]) VALUES (77076, N'Other', 5488, N'Main Room', N'')
INSERT [dbo].[RciComponent] ([RciComponentID], [RciComponentName], [RciID], [RciComponentDescription], [SuggestedCosts]) VALUES (77077, N'Improper Checkout', 5488, N'Fine', N'Flat Amount,30|')

INSERT [dbo].[RciComponent] ([RciComponentID], [RciComponentName], [RciID], [RciComponentDescription], [SuggestedCosts]) VALUES (112135, N'Bed Frame', 6675, N'Main Room', N'Fixing Cost,50|')
INSERT [dbo].[RciComponent] ([RciComponentID], [RciComponentName], [RciID], [RciComponentDescription], [SuggestedCosts]) VALUES (112136, N'Bed Mattress', 6675, N'Main Room', N'Replacement Cost,125|')
INSERT [dbo].[RciComponent] ([RciComponentID], [RciComponentName], [RciID], [RciComponentDescription], [SuggestedCosts]) VALUES (112137, N'Bed Mattress Cover', 6675, N'Main Room', N'Replacement Cost,30|')
INSERT [dbo].[RciComponent] ([RciComponentID], [RciComponentName], [RciID], [RciComponentDescription], [SuggestedCosts]) VALUES (112138, N'Bookshelf over Desk', 6675, N'Main Room', N'Abusive Wear Cost,30|')
INSERT [dbo].[RciComponent] ([RciComponentID], [RciComponentName], [RciID], [RciComponentDescription], [SuggestedCosts]) VALUES (112139, N'Carpet', 6675, N'Main Room', N'Minor Burn,60|Medium Stain,60|Carpet Replacement,400|')
INSERT [dbo].[RciComponent] ([RciComponentID], [RciComponentName], [RciID], [RciComponentDescription], [SuggestedCosts]) VALUES (112140, N'Closet Door', 6675, N'Main Room', N'Door Replacement,150|')
INSERT [dbo].[RciComponent] ([RciComponentID], [RciComponentName], [RciID], [RciComponentDescription], [SuggestedCosts]) VALUES (112141, N'Closet Towel Rack', 6675, N'Main Room', N'Shelf Replacement,25|')
INSERT [dbo].[RciComponent] ([RciComponentID], [RciComponentName], [RciID], [RciComponentDescription], [SuggestedCosts]) VALUES (112142, N'Desk - Lamp/Light', 6675, N'Main Room', N'Replacement Cost,36|')
INSERT [dbo].[RciComponent] ([RciComponentID], [RciComponentName], [RciID], [RciComponentDescription], [SuggestedCosts]) VALUES (112143, N'Desk - Surface top', 6675, N'Main Room', N'Fixing Cost,40|')
INSERT [dbo].[RciComponent] ([RciComponentID], [RciComponentName], [RciID], [RciComponentDescription], [SuggestedCosts]) VALUES (112144, N'Desk - Drawer', 6675, N'Main Room', N'Fixing Cost,20|')
INSERT [dbo].[RciComponent] ([RciComponentID], [RciComponentName], [RciID], [RciComponentDescription], [SuggestedCosts]) VALUES (112145, N'Desk Chair', 6675, N'Main Room', N'Replacement Cost,50|')
INSERT [dbo].[RciComponent] ([RciComponentID], [RciComponentName], [RciID], [RciComponentDescription], [SuggestedCosts]) VALUES (112146, N'Door', 6675, N'Main Room', N'Replacement Cost,200|Lock Damage,50|Lockset Replacement,144|')
INSERT [dbo].[RciComponent] ([RciComponentID], [RciComponentName], [RciID], [RciComponentDescription], [SuggestedCosts]) VALUES (112147, N'Dresser surface', 6675, N'Main Room', N'Fixing Cost,15|')
INSERT [dbo].[RciComponent] ([RciComponentID], [RciComponentName], [RciID], [RciComponentDescription], [SuggestedCosts]) VALUES (112148, N'Dresser drawers', 6675, N'Main Room', N'Fixing Cost,35|')
INSERT [dbo].[RciComponent] ([RciComponentID], [RciComponentName], [RciID], [RciComponentDescription], [SuggestedCosts]) VALUES (112149, N'Ceiling Light', 6675, N'Main Room', N'Replacement Cost,60|')
INSERT [dbo].[RciComponent] ([RciComponentID], [RciComponentName], [RciID], [RciComponentDescription], [SuggestedCosts]) VALUES (112150, N'Outlets/Switches', 6675, N'Main Room', N'Replacement Cost,20|')
INSERT [dbo].[RciComponent] ([RciComponentID], [RciComponentName], [RciID], [RciComponentDescription], [SuggestedCosts]) VALUES (112151, N'Thermostat/Heat Control', 6675, N'Main Room', N'Replacement Cost,72|')
INSERT [dbo].[RciComponent] ([RciComponentID], [RciComponentName], [RciID], [RciComponentDescription], [SuggestedCosts]) VALUES (112152, N'Mirror', 6675, N'Main Room', N'Broken mirror,60|Stickers/marks,5|')
INSERT [dbo].[RciComponent] ([RciComponentID], [RciComponentName], [RciID], [RciComponentDescription], [SuggestedCosts]) VALUES (112153, N'Wall', 6675, N'Main Room', N'Abusive Wear Cost,75|Paint chips,5|Small Holes,50|')
INSERT [dbo].[RciComponent] ([RciComponentID], [RciComponentName], [RciID], [RciComponentDescription], [SuggestedCosts]) VALUES (112154, N'Ceiling', 6675, N'Main Room', N'Abusive Wear Cost,45|Paint chips,5|Small Holes,75|')
INSERT [dbo].[RciComponent] ([RciComponentID], [RciComponentName], [RciID], [RciComponentDescription], [SuggestedCosts]) VALUES (112155, N'Recycling Basket', 6675, N'Main Room', N'Replacement Cost,20|')
INSERT [dbo].[RciComponent] ([RciComponentID], [RciComponentName], [RciID], [RciComponentDescription], [SuggestedCosts]) VALUES (112156, N'Telephone Outlet', 6675, N'Main Room', N'Replacement Cost,50|')
INSERT [dbo].[RciComponent] ([RciComponentID], [RciComponentName], [RciID], [RciComponentDescription], [SuggestedCosts]) VALUES (112157, N'Computer Outlet', 6675, N'Main Room', N'Replacement Cost,50|')
INSERT [dbo].[RciComponent] ([RciComponentID], [RciComponentName], [RciID], [RciComponentDescription], [SuggestedCosts]) VALUES (112158, N'Window glass', 6675, N'Main Room', N'Cost depends on window size,*|')
INSERT [dbo].[RciComponent] ([RciComponentID], [RciComponentName], [RciID], [RciComponentDescription], [SuggestedCosts]) VALUES (112159, N'Window - lock', 6675, N'Main Room', N'Replacement Cost,30|')
INSERT [dbo].[RciComponent] ([RciComponentID], [RciComponentName], [RciID], [RciComponentDescription], [SuggestedCosts]) VALUES (112160, N'Window - Screen', 6675, N'Main Room', N'Replacement Cost,50|')
INSERT [dbo].[RciComponent] ([RciComponentID], [RciComponentName], [RciID], [RciComponentDescription], [SuggestedCosts]) VALUES (112161, N'Window - Shade', 6675, N'Main Room', N'Replacement Cost,70|')
INSERT [dbo].[RciComponent] ([RciComponentID], [RciComponentName], [RciID], [RciComponentDescription], [SuggestedCosts]) VALUES (112162, N'Other Damages', 6675, N'Main Room', N'')
INSERT [dbo].[RciComponent] ([RciComponentID], [RciComponentName], [RciID], [RciComponentDescription], [SuggestedCosts]) VALUES (112163, N'Improper Checkout', 6675, N'Fine', N'Flat Amount,30|')
INSERT [dbo].[RciComponent] ([RciComponentID], [RciComponentName], [RciID], [RciComponentDescription], [SuggestedCosts]) VALUES (112164, N'Lost Key', 6675, N'Fine', N'Room,25|Hall,50|')

INSERT [dbo].[RciComponent] ([RciComponentID], [RciComponentName], [RciID], [RciComponentDescription], [SuggestedCosts]) VALUES (123473, N'Bed Frame', 7065, N'Main Room', N'Fixing Cost,50|')
INSERT [dbo].[RciComponent] ([RciComponentID], [RciComponentName], [RciID], [RciComponentDescription], [SuggestedCosts]) VALUES (123474, N'Bed Mattress', 7065, N'Main Room', N'Replacement Cost,125|')
INSERT [dbo].[RciComponent] ([RciComponentID], [RciComponentName], [RciID], [RciComponentDescription], [SuggestedCosts]) VALUES (123475, N'Bed Cover', 7065, N'Main Room', N'Replacement Cost,30|')
INSERT [dbo].[RciComponent] ([RciComponentID], [RciComponentName], [RciID], [RciComponentDescription], [SuggestedCosts]) VALUES (123476, N'Bed Spring', 7065, N'Main Room', N'Fixing Cost,15|')
INSERT [dbo].[RciComponent] ([RciComponentID], [RciComponentName], [RciID], [RciComponentDescription], [SuggestedCosts]) VALUES (123477, N'Carpet', 7065, N'Main Room', N'Minor Burn,60|Medium Stain,60|Carpet Replacement,400|')
INSERT [dbo].[RciComponent] ([RciComponentID], [RciComponentName], [RciID], [RciComponentDescription], [SuggestedCosts]) VALUES (123478, N'Dresser surface', 7065, N'Main Room', N'Fixing Cost,30|')
INSERT [dbo].[RciComponent] ([RciComponentID], [RciComponentName], [RciID], [RciComponentDescription], [SuggestedCosts]) VALUES (123479, N'Dresser drawers', 7065, N'Main Room', N'Fixing Cost,50|')
INSERT [dbo].[RciComponent] ([RciComponentID], [RciComponentName], [RciID], [RciComponentDescription], [SuggestedCosts]) VALUES (123480, N'Desk - Lamp/Light/carrel', 7065, N'Main Room', N'Replacement Cost,36|')
INSERT [dbo].[RciComponent] ([RciComponentID], [RciComponentName], [RciID], [RciComponentDescription], [SuggestedCosts]) VALUES (123481, N'Desk - Surface top', 7065, N'Main Room', N'Fixing Cost,40|')
INSERT [dbo].[RciComponent] ([RciComponentID], [RciComponentName], [RciID], [RciComponentDescription], [SuggestedCosts]) VALUES (123482, N'Desk - Drawer', 7065, N'Main Room', N'Fixing Cost,20|')
INSERT [dbo].[RciComponent] ([RciComponentID], [RciComponentName], [RciID], [RciComponentDescription], [SuggestedCosts]) VALUES (123483, N'Desk Chair', 7065, N'Main Room', N'Replacement Cost,50|')
INSERT [dbo].[RciComponent] ([RciComponentID], [RciComponentName], [RciID], [RciComponentDescription], [SuggestedCosts]) VALUES (123484, N'Door', 7065, N'Main Room', N'Replacement Cost,155|Doorstop Replacement,20|Lock Damage,36|Lockset Replacement,144|Card Access Lock Replacement,500|')
INSERT [dbo].[RciComponent] ([RciComponentID], [RciComponentName], [RciID], [RciComponentDescription], [SuggestedCosts]) VALUES (123485, N'Ceiling Light', 7065, N'Main Room', N'Replacement Cost,60|')
INSERT [dbo].[RciComponent] ([RciComponentID], [RciComponentName], [RciID], [RciComponentDescription], [SuggestedCosts]) VALUES (123486, N'Outlets/Switches', 7065, N'Main Room', N'Replacement Cost,20|')
INSERT [dbo].[RciComponent] ([RciComponentID], [RciComponentName], [RciID], [RciComponentDescription], [SuggestedCosts]) VALUES (123487, N'Thermostat/Heat Control', 7065, N'Main Room', N'Replacement Cost,72|')
INSERT [dbo].[RciComponent] ([RciComponentID], [RciComponentName], [RciID], [RciComponentDescription], [SuggestedCosts]) VALUES (123488, N'Mirror', 7065, N'Main Room', N'Broken mirror,60|Stickers/marks,5|')
INSERT [dbo].[RciComponent] ([RciComponentID], [RciComponentName], [RciID], [RciComponentDescription], [SuggestedCosts]) VALUES (123489, N'Wall', 7065, N'Main Room', N'Abusive Wear Cost,75|Paint chips,5|Holes,75|')
INSERT [dbo].[RciComponent] ([RciComponentID], [RciComponentName], [RciID], [RciComponentDescription], [SuggestedCosts]) VALUES (123490, N'Ceiling', 7065, N'Main Room', N'Abusive Wear Cost,40|Paint chips,5|Holes,75|')
INSERT [dbo].[RciComponent] ([RciComponentID], [RciComponentName], [RciID], [RciComponentDescription], [SuggestedCosts]) VALUES (123491, N'Closet Doors', 7065, N'Main Room', N'Replacement Cost,100|')
INSERT [dbo].[RciComponent] ([RciComponentID], [RciComponentName], [RciID], [RciComponentDescription], [SuggestedCosts]) VALUES (123492, N'Closet Towel Rack', 7065, N'Main Room', N'Replacement Cost,15|')
INSERT [dbo].[RciComponent] ([RciComponentID], [RciComponentName], [RciID], [RciComponentDescription], [SuggestedCosts]) VALUES (123493, N'Wardrobe', 7065, N'Main Room', N'Abusive Wear Cost,60|')
INSERT [dbo].[RciComponent] ([RciComponentID], [RciComponentName], [RciID], [RciComponentDescription], [SuggestedCosts]) VALUES (123494, N'Recycling Basket', 7065, N'Main Room', N'Replacement Cost,20|')
INSERT [dbo].[RciComponent] ([RciComponentID], [RciComponentName], [RciID], [RciComponentDescription], [SuggestedCosts]) VALUES (123495, N'Telephone outlet', 7065, N'Main Room', N'Replacement Cost,50|')
INSERT [dbo].[RciComponent] ([RciComponentID], [RciComponentName], [RciID], [RciComponentDescription], [SuggestedCosts]) VALUES (123496, N'Computer outlet', 7065, N'Main Room', N'Replacement Cost,50|')
INSERT [dbo].[RciComponent] ([RciComponentID], [RciComponentName], [RciID], [RciComponentDescription], [SuggestedCosts]) VALUES (123497, N'Window glass', 7065, N'Main Room', N'Cost depends on window size,*|')
INSERT [dbo].[RciComponent] ([RciComponentID], [RciComponentName], [RciID], [RciComponentDescription], [SuggestedCosts]) VALUES (123498, N'Window - lock/crank/lever', 7065, N'Main Room', N'Replacement Cost,50|')
INSERT [dbo].[RciComponent] ([RciComponentID], [RciComponentName], [RciID], [RciComponentDescription], [SuggestedCosts]) VALUES (123499, N'Window - Screen', 7065, N'Main Room', N'Replacement Cost,50|')
INSERT [dbo].[RciComponent] ([RciComponentID], [RciComponentName], [RciID], [RciComponentDescription], [SuggestedCosts]) VALUES (123500, N'Window - Shades', 7065, N'Main Room', N'Replacement Cost,70|')
INSERT [dbo].[RciComponent] ([RciComponentID], [RciComponentName], [RciID], [RciComponentDescription], [SuggestedCosts]) VALUES (123501, N'Other Damages', 7065, N'Main Room', N'')
INSERT [dbo].[RciComponent] ([RciComponentID], [RciComponentName], [RciID], [RciComponentDescription], [SuggestedCosts]) VALUES (123502, N'Improper Checkout', 7065, N'Fine', N'Flat Amount,30|')
INSERT [dbo].[RciComponent] ([RciComponentID], [RciComponentName], [RciID], [RciComponentDescription], [SuggestedCosts]) VALUES (123503, N'Lost Key', 7065, N'Fine', N'Room,25|Hall,50|')

INSERT [dbo].[RciComponent] ([RciComponentID], [RciComponentName], [RciID], [RciComponentDescription], [SuggestedCosts]) VALUES (112765, N'Bed Frame', 6696, N'Main Room', N'Fixing Cost,50|')
INSERT [dbo].[RciComponent] ([RciComponentID], [RciComponentName], [RciID], [RciComponentDescription], [SuggestedCosts]) VALUES (112766, N'Bed Mattress', 6696, N'Main Room', N'Replacement Cost,125|')
INSERT [dbo].[RciComponent] ([RciComponentID], [RciComponentName], [RciID], [RciComponentDescription], [SuggestedCosts]) VALUES (112767, N'Bed Mattress Cover', 6696, N'Main Room', N'Replacement Cost,30|')
INSERT [dbo].[RciComponent] ([RciComponentID], [RciComponentName], [RciID], [RciComponentDescription], [SuggestedCosts]) VALUES (112768, N'Bookshelf over Desk', 6696, N'Main Room', N'Abusive Wear Cost,30|')
INSERT [dbo].[RciComponent] ([RciComponentID], [RciComponentName], [RciID], [RciComponentDescription], [SuggestedCosts]) VALUES (112769, N'Carpet', 6696, N'Main Room', N'Minor Burn,60|Medium Stain,60|Carpet Replacement,400|')
INSERT [dbo].[RciComponent] ([RciComponentID], [RciComponentName], [RciID], [RciComponentDescription], [SuggestedCosts]) VALUES (112770, N'Closet Door', 6696, N'Main Room', N'Door Replacement,150|')
INSERT [dbo].[RciComponent] ([RciComponentID], [RciComponentName], [RciID], [RciComponentDescription], [SuggestedCosts]) VALUES (112771, N'Closet Towel Rack', 6696, N'Main Room', N'Shelf Replacement,25|')
INSERT [dbo].[RciComponent] ([RciComponentID], [RciComponentName], [RciID], [RciComponentDescription], [SuggestedCosts]) VALUES (112772, N'Desk - Lamp/Light', 6696, N'Main Room', N'Replacement Cost,36|')
INSERT [dbo].[RciComponent] ([RciComponentID], [RciComponentName], [RciID], [RciComponentDescription], [SuggestedCosts]) VALUES (112773, N'Desk - Surface top', 6696, N'Main Room', N'Fixing Cost,40|')
INSERT [dbo].[RciComponent] ([RciComponentID], [RciComponentName], [RciID], [RciComponentDescription], [SuggestedCosts]) VALUES (112774, N'Desk - Drawer', 6696, N'Main Room', N'Fixing Cost,20|')
INSERT [dbo].[RciComponent] ([RciComponentID], [RciComponentName], [RciID], [RciComponentDescription], [SuggestedCosts]) VALUES (112775, N'Desk Chair', 6696, N'Main Room', N'Replacement Cost,50|')
INSERT [dbo].[RciComponent] ([RciComponentID], [RciComponentName], [RciID], [RciComponentDescription], [SuggestedCosts]) VALUES (112776, N'Door', 6696, N'Main Room', N'Replacement Cost,200|Lock Damage,50|Lockset Replacement,144|')
INSERT [dbo].[RciComponent] ([RciComponentID], [RciComponentName], [RciID], [RciComponentDescription], [SuggestedCosts]) VALUES (112777, N'Dresser surface', 6696, N'Main Room', N'Fixing Cost,15|')
INSERT [dbo].[RciComponent] ([RciComponentID], [RciComponentName], [RciID], [RciComponentDescription], [SuggestedCosts]) VALUES (112778, N'Dresser drawers', 6696, N'Main Room', N'Fixing Cost,35|')
INSERT [dbo].[RciComponent] ([RciComponentID], [RciComponentName], [RciID], [RciComponentDescription], [SuggestedCosts]) VALUES (112779, N'Ceiling Light', 6696, N'Main Room', N'Replacement Cost,60|')
INSERT [dbo].[RciComponent] ([RciComponentID], [RciComponentName], [RciID], [RciComponentDescription], [SuggestedCosts]) VALUES (112780, N'Outlets/Switches', 6696, N'Main Room', N'Replacement Cost,20|')
INSERT [dbo].[RciComponent] ([RciComponentID], [RciComponentName], [RciID], [RciComponentDescription], [SuggestedCosts]) VALUES (112781, N'Thermostat/Heat Control', 6696, N'Main Room', N'Replacement Cost,72|')
INSERT [dbo].[RciComponent] ([RciComponentID], [RciComponentName], [RciID], [RciComponentDescription], [SuggestedCosts]) VALUES (112782, N'Mirror', 6696, N'Main Room', N'Broken mirror,60|Stickers/marks,5|')
INSERT [dbo].[RciComponent] ([RciComponentID], [RciComponentName], [RciID], [RciComponentDescription], [SuggestedCosts]) VALUES (112783, N'Wall', 6696, N'Main Room', N'Abusive Wear Cost,75|Paint chips,5|Small Holes,50|')
INSERT [dbo].[RciComponent] ([RciComponentID], [RciComponentName], [RciID], [RciComponentDescription], [SuggestedCosts]) VALUES (112784, N'Ceiling', 6696, N'Main Room', N'Abusive Wear Cost,45|Paint chips,5|Small Holes,75|')
INSERT [dbo].[RciComponent] ([RciComponentID], [RciComponentName], [RciID], [RciComponentDescription], [SuggestedCosts]) VALUES (112785, N'Recycling Basket', 6696, N'Main Room', N'Replacement Cost,20|')
INSERT [dbo].[RciComponent] ([RciComponentID], [RciComponentName], [RciID], [RciComponentDescription], [SuggestedCosts]) VALUES (112786, N'Telephone Outlet', 6696, N'Main Room', N'Replacement Cost,50|')
INSERT [dbo].[RciComponent] ([RciComponentID], [RciComponentName], [RciID], [RciComponentDescription], [SuggestedCosts]) VALUES (112787, N'Computer Outlet', 6696, N'Main Room', N'Replacement Cost,50|')
INSERT [dbo].[RciComponent] ([RciComponentID], [RciComponentName], [RciID], [RciComponentDescription], [SuggestedCosts]) VALUES (112788, N'Window glass', 6696, N'Main Room', N'Cost depends on window size,*|')
INSERT [dbo].[RciComponent] ([RciComponentID], [RciComponentName], [RciID], [RciComponentDescription], [SuggestedCosts]) VALUES (112789, N'Window - lock', 6696, N'Main Room', N'Replacement Cost,30|')
INSERT [dbo].[RciComponent] ([RciComponentID], [RciComponentName], [RciID], [RciComponentDescription], [SuggestedCosts]) VALUES (112790, N'Window - Screen', 6696, N'Main Room', N'Replacement Cost,50|')
INSERT [dbo].[RciComponent] ([RciComponentID], [RciComponentName], [RciID], [RciComponentDescription], [SuggestedCosts]) VALUES (112791, N'Window - Shade', 6696, N'Main Room', N'Replacement Cost,70|')
INSERT [dbo].[RciComponent] ([RciComponentID], [RciComponentName], [RciID], [RciComponentDescription], [SuggestedCosts]) VALUES (112792, N'Other Damages', 6696, N'Main Room', N'')
INSERT [dbo].[RciComponent] ([RciComponentID], [RciComponentName], [RciID], [RciComponentDescription], [SuggestedCosts]) VALUES (112793, N'Improper Checkout', 6696, N'Fine', N'Flat Amount,30|')
INSERT [dbo].[RciComponent] ([RciComponentID], [RciComponentName], [RciID], [RciComponentDescription], [SuggestedCosts]) VALUES (112794, N'Lost Key', 6696, N'Fine', N'Room,25|Hall,50|')

INSERT [dbo].[RciComponent] ([RciComponentID], [RciComponentName], [RciID], [RciComponentDescription], [SuggestedCosts]) VALUES (94494, N'Bed Frame', 6080, N'Main Room', N'Fixing Cost,50|')
INSERT [dbo].[RciComponent] ([RciComponentID], [RciComponentName], [RciID], [RciComponentDescription], [SuggestedCosts]) VALUES (94495, N'Bed Mattress', 6080, N'Main Room', N'Replacement Cost,125|')
INSERT [dbo].[RciComponent] ([RciComponentID], [RciComponentName], [RciID], [RciComponentDescription], [SuggestedCosts]) VALUES (94496, N'Bed Cover', 6080, N'Main Room', N'Replacement Cost,30|')
INSERT [dbo].[RciComponent] ([RciComponentID], [RciComponentName], [RciID], [RciComponentDescription], [SuggestedCosts]) VALUES (94497, N'Carpet', 6080, N'Main Room', N'Minor Burn,60|Medium Stain,60|Carpet Replacement,400|')
INSERT [dbo].[RciComponent] ([RciComponentID], [RciComponentName], [RciID], [RciComponentDescription], [SuggestedCosts]) VALUES (94498, N'Dresser surface', 6080, N'Main Room', N'Fixing Cost,15|')
INSERT [dbo].[RciComponent] ([RciComponentID], [RciComponentName], [RciID], [RciComponentDescription], [SuggestedCosts]) VALUES (94499, N'Dresser drawers', 6080, N'Main Room', N'Fixing Cost,35|')
INSERT [dbo].[RciComponent] ([RciComponentID], [RciComponentName], [RciID], [RciComponentDescription], [SuggestedCosts]) VALUES (94500, N'Desk - Lamp/Light', 6080, N'Main Room', N'Replacement Cost,36|')
INSERT [dbo].[RciComponent] ([RciComponentID], [RciComponentName], [RciID], [RciComponentDescription], [SuggestedCosts]) VALUES (94501, N'Desk - Surface top', 6080, N'Main Room', N'Fixing Cost,40|')
INSERT [dbo].[RciComponent] ([RciComponentID], [RciComponentName], [RciID], [RciComponentDescription], [SuggestedCosts]) VALUES (94502, N'Desk - Drawer/Keyboard Tray', 6080, N'Main Room', N'Fixing Cost,20|')
INSERT [dbo].[RciComponent] ([RciComponentID], [RciComponentName], [RciID], [RciComponentDescription], [SuggestedCosts]) VALUES (94503, N'Desk Chair', 6080, N'Main Room', N'Replacement Cost,50|')
INSERT [dbo].[RciComponent] ([RciComponentID], [RciComponentName], [RciID], [RciComponentDescription], [SuggestedCosts]) VALUES (94504, N'Door', 6080, N'Main Room', N'Replacement Cost,155|Door closer,20|Lock Damage,200|Lockset Replacement,400|Card Access Lock Replacement,500|')
INSERT [dbo].[RciComponent] ([RciComponentID], [RciComponentName], [RciID], [RciComponentDescription], [SuggestedCosts]) VALUES (94505, N'Ceiling Light', 6080, N'Main Room', N'Replacement Cost,60|')
INSERT [dbo].[RciComponent] ([RciComponentID], [RciComponentName], [RciID], [RciComponentDescription], [SuggestedCosts]) VALUES (94506, N'Outlets/Switches', 6080, N'Main Room', N'Replacement Cost,20|')
INSERT [dbo].[RciComponent] ([RciComponentID], [RciComponentName], [RciID], [RciComponentDescription], [SuggestedCosts]) VALUES (94507, N'Thermostat/Heat Control', 6080, N'Main Room', N'Replacement Cost,72|')
INSERT [dbo].[RciComponent] ([RciComponentID], [RciComponentName], [RciID], [RciComponentDescription], [SuggestedCosts]) VALUES (94508, N'Wireless Router', 6080, N'Main Room', N'Replacement Cost,600|')
INSERT [dbo].[RciComponent] ([RciComponentID], [RciComponentName], [RciID], [RciComponentDescription], [SuggestedCosts]) VALUES (94509, N'Mirror', 6080, N'Main Room', N'Broken mirror,60|Stickers/marks,5|')
INSERT [dbo].[RciComponent] ([RciComponentID], [RciComponentName], [RciID], [RciComponentDescription], [SuggestedCosts]) VALUES (94510, N'Wall', 6080, N'Main Room', N'Abusive Wear Cost,75|Paint chips,5|Holes,75|')
INSERT [dbo].[RciComponent] ([RciComponentID], [RciComponentName], [RciID], [RciComponentDescription], [SuggestedCosts]) VALUES (94511, N'Ceiling', 6080, N'Main Room', N'Abusive Wear Cost,40|Paint chips,5|Holes,75|')
INSERT [dbo].[RciComponent] ([RciComponentID], [RciComponentName], [RciID], [RciComponentDescription], [SuggestedCosts]) VALUES (94512, N'Wardrobe', 6080, N'Main Room', N'Abusive Wear Cost,60|Door Replacement,100|')
INSERT [dbo].[RciComponent] ([RciComponentID], [RciComponentName], [RciID], [RciComponentDescription], [SuggestedCosts]) VALUES (94513, N'Recycling Basket', 6080, N'Main Room', N'Replacement Cost,20|')
INSERT [dbo].[RciComponent] ([RciComponentID], [RciComponentName], [RciID], [RciComponentDescription], [SuggestedCosts]) VALUES (94514, N'Telephone Outlet', 6080, N'Main Room', N'Replacement Cost,50|')
INSERT [dbo].[RciComponent] ([RciComponentID], [RciComponentName], [RciID], [RciComponentDescription], [SuggestedCosts]) VALUES (94515, N'Computer Outlet', 6080, N'Main Room', N'Replacement Cost,50|')
INSERT [dbo].[RciComponent] ([RciComponentID], [RciComponentName], [RciID], [RciComponentDescription], [SuggestedCosts]) VALUES (94516, N'Window glass', 6080, N'Main Room', N'Cost depends on window size,*|')
INSERT [dbo].[RciComponent] ([RciComponentID], [RciComponentName], [RciID], [RciComponentDescription], [SuggestedCosts]) VALUES (94517, N'Window - lock/crank/lever', 6080, N'Main Room', N'Replacement Cost,30|')
INSERT [dbo].[RciComponent] ([RciComponentID], [RciComponentName], [RciID], [RciComponentDescription], [SuggestedCosts]) VALUES (94518, N'Window - Screen', 6080, N'Main Room', N'Replacement Cost,50|')
INSERT [dbo].[RciComponent] ([RciComponentID], [RciComponentName], [RciID], [RciComponentDescription], [SuggestedCosts]) VALUES (94519, N'Window - Shade', 6080, N'Main Room', N'Replacement Cost,70|')
INSERT [dbo].[RciComponent] ([RciComponentID], [RciComponentName], [RciID], [RciComponentDescription], [SuggestedCosts]) VALUES (94520, N'Window - Cord/Pulley', 6080, N'Main Room', N'Abusive Wear Cost,50|')
INSERT [dbo].[RciComponent] ([RciComponentID], [RciComponentName], [RciID], [RciComponentDescription], [SuggestedCosts]) VALUES (94521, N'Other Damages', 6080, N'Main Room', N'')
INSERT [dbo].[RciComponent] ([RciComponentID], [RciComponentName], [RciID], [RciComponentDescription], [SuggestedCosts]) VALUES (94522, N'Improper Checkout', 6080, N'Fine', N'Flat Amount,30|')

INSERT [dbo].[RciComponent] ([RciComponentID], [RciComponentName], [RciID], [RciComponentDescription], [SuggestedCosts]) VALUES (126049, N'Bed Frame', 7155, N'Main Room', N'Fixing Cost,50|')
INSERT [dbo].[RciComponent] ([RciComponentID], [RciComponentName], [RciID], [RciComponentDescription], [SuggestedCosts]) VALUES (126050, N'Bed Mattress', 7155, N'Main Room', N'Replacement Cost,125|')
INSERT [dbo].[RciComponent] ([RciComponentID], [RciComponentName], [RciID], [RciComponentDescription], [SuggestedCosts]) VALUES (126051, N'Bed Cover', 7155, N'Main Room', N'Replacement Cost,30|')
INSERT [dbo].[RciComponent] ([RciComponentID], [RciComponentName], [RciID], [RciComponentDescription], [SuggestedCosts]) VALUES (126052, N'Carpet', 7155, N'Main Room', N'Minor Burn,60|Medium Stain,60|Carpet Replacement,400|')
INSERT [dbo].[RciComponent] ([RciComponentID], [RciComponentName], [RciID], [RciComponentDescription], [SuggestedCosts]) VALUES (126053, N'Closet Door', 7155, N'Main Room', N'Door Replacement,100|')
INSERT [dbo].[RciComponent] ([RciComponentID], [RciComponentName], [RciID], [RciComponentDescription], [SuggestedCosts]) VALUES (126054, N'Closet Shelves', 7155, N'Main Room', N'Shelf Replacement,25|')
INSERT [dbo].[RciComponent] ([RciComponentID], [RciComponentName], [RciID], [RciComponentDescription], [SuggestedCosts]) VALUES (126055, N'Desk - Lamp/Light', 7155, N'Main Room', N'Replacement Cost,15|')
INSERT [dbo].[RciComponent] ([RciComponentID], [RciComponentName], [RciID], [RciComponentDescription], [SuggestedCosts]) VALUES (126056, N'Desk - Surface top', 7155, N'Main Room', N'Fixing Cost,40|')
INSERT [dbo].[RciComponent] ([RciComponentID], [RciComponentName], [RciID], [RciComponentDescription], [SuggestedCosts]) VALUES (126057, N'Desk - Computer Drawer', 7155, N'Main Room', N'Fixing Cost,25|')
INSERT [dbo].[RciComponent] ([RciComponentID], [RciComponentName], [RciID], [RciComponentDescription], [SuggestedCosts]) VALUES (126058, N'Desk Chair', 7155, N'Main Room', N'Replacement Cost,40|')
INSERT [dbo].[RciComponent] ([RciComponentID], [RciComponentName], [RciID], [RciComponentDescription], [SuggestedCosts]) VALUES (126059, N'Door', 7155, N'Main Room', N'Replacement Cost,300|Lock Damage,200|Lockset Replacement,400|Card Access Lock Replacement,500|')
INSERT [dbo].[RciComponent] ([RciComponentID], [RciComponentName], [RciID], [RciComponentDescription], [SuggestedCosts]) VALUES (126060, N'Dresser surface', 7155, N'Main Room', N'Fixing Cost,15|')
INSERT [dbo].[RciComponent] ([RciComponentID], [RciComponentName], [RciID], [RciComponentDescription], [SuggestedCosts]) VALUES (126061, N'Dresser drawers', 7155, N'Main Room', N'Fixing Cost,35|')
INSERT [dbo].[RciComponent] ([RciComponentID], [RciComponentName], [RciID], [RciComponentDescription], [SuggestedCosts]) VALUES (126062, N'Ceiling Light', 7155, N'Main Room', N'Replacement Cost,60|')
INSERT [dbo].[RciComponent] ([RciComponentID], [RciComponentName], [RciID], [RciComponentDescription], [SuggestedCosts]) VALUES (126063, N'Outlets/Switches', 7155, N'Main Room', N'Replacement Cost,20|')
INSERT [dbo].[RciComponent] ([RciComponentID], [RciComponentName], [RciID], [RciComponentDescription], [SuggestedCosts]) VALUES (126064, N'Thermostat/Heat Control', 7155, N'Main Room', N'Replacement Cost,100|')
INSERT [dbo].[RciComponent] ([RciComponentID], [RciComponentName], [RciID], [RciComponentDescription], [SuggestedCosts]) VALUES (126065, N'Mirror', 7155, N'Main Room', N'Broken mirror,60|Stickers/marks,5|')
INSERT [dbo].[RciComponent] ([RciComponentID], [RciComponentName], [RciID], [RciComponentDescription], [SuggestedCosts]) VALUES (126066, N'Wall', 7155, N'Main Room', N'Abusive Wear Cost,50|Paint chips,5|Small Holes,50|')
INSERT [dbo].[RciComponent] ([RciComponentID], [RciComponentName], [RciID], [RciComponentDescription], [SuggestedCosts]) VALUES (126067, N'Ceiling', 7155, N'Main Room', N'Abusive Wear Cost,35|Paint chips,5|')
INSERT [dbo].[RciComponent] ([RciComponentID], [RciComponentName], [RciID], [RciComponentDescription], [SuggestedCosts]) VALUES (126068, N'Telephone Outlet', 7155, N'Main Room', N'Replacement Cost,15|')
INSERT [dbo].[RciComponent] ([RciComponentID], [RciComponentName], [RciID], [RciComponentDescription], [SuggestedCosts]) VALUES (126069, N'Computer Outlet', 7155, N'Main Room', N'Replacement Cost,30|')
INSERT [dbo].[RciComponent] ([RciComponentID], [RciComponentName], [RciID], [RciComponentDescription], [SuggestedCosts]) VALUES (126070, N'Window glass', 7155, N'Main Room', N'Cost depends on window size,*|')
INSERT [dbo].[RciComponent] ([RciComponentID], [RciComponentName], [RciID], [RciComponentDescription], [SuggestedCosts]) VALUES (126071, N'Window - lock', 7155, N'Main Room', N'Replacement Cost,30|')
INSERT [dbo].[RciComponent] ([RciComponentID], [RciComponentName], [RciID], [RciComponentDescription], [SuggestedCosts]) VALUES (126072, N'Window - Screen', 7155, N'Main Room', N'Replacement Cost,50|')
INSERT [dbo].[RciComponent] ([RciComponentID], [RciComponentName], [RciID], [RciComponentDescription], [SuggestedCosts]) VALUES (126073, N'Window - Mini-blinds', 7155, N'Main Room', N'Replacement Cost,85|Abusive Wear Cost,3|')
INSERT [dbo].[RciComponent] ([RciComponentID], [RciComponentName], [RciID], [RciComponentDescription], [SuggestedCosts]) VALUES (126074, N'Baseboard Heat Cover', 7155, N'Main Room', N'Replacement Cost,25|')
INSERT [dbo].[RciComponent] ([RciComponentID], [RciComponentName], [RciID], [RciComponentDescription], [SuggestedCosts]) VALUES (126075, N'Other Damages', 7155, N'Main Room', N'')
INSERT [dbo].[RciComponent] ([RciComponentID], [RciComponentName], [RciID], [RciComponentDescription], [SuggestedCosts]) VALUES (126076, N'Improper Checkout', 7155, N'Fine', N'Flat Amount,30|')

INSERT [dbo].[RciComponent] ([RciComponentID], [RciComponentName], [RciID], [RciComponentDescription], [SuggestedCosts]) VALUES (123039, N'Bed Frame', 7051, N'Main Room', N'Fixing Cost,50|')
INSERT [dbo].[RciComponent] ([RciComponentID], [RciComponentName], [RciID], [RciComponentDescription], [SuggestedCosts]) VALUES (123040, N'Bed Mattress', 7051, N'Main Room', N'Replacement Cost,125|')
INSERT [dbo].[RciComponent] ([RciComponentID], [RciComponentName], [RciID], [RciComponentDescription], [SuggestedCosts]) VALUES (123041, N'Bed Cover', 7051, N'Main Room', N'Replacement Cost,30|')
INSERT [dbo].[RciComponent] ([RciComponentID], [RciComponentName], [RciID], [RciComponentDescription], [SuggestedCosts]) VALUES (123042, N'Bed Spring', 7051, N'Main Room', N'Fixing Cost,15|')
INSERT [dbo].[RciComponent] ([RciComponentID], [RciComponentName], [RciID], [RciComponentDescription], [SuggestedCosts]) VALUES (123043, N'Carpet', 7051, N'Main Room', N'Minor Burn,60|Medium Stain,60|Carpet Replacement,400|')
INSERT [dbo].[RciComponent] ([RciComponentID], [RciComponentName], [RciID], [RciComponentDescription], [SuggestedCosts]) VALUES (123044, N'Dresser surface', 7051, N'Main Room', N'Fixing Cost,30|')
INSERT [dbo].[RciComponent] ([RciComponentID], [RciComponentName], [RciID], [RciComponentDescription], [SuggestedCosts]) VALUES (123045, N'Dresser drawers', 7051, N'Main Room', N'Fixing Cost,50|')
INSERT [dbo].[RciComponent] ([RciComponentID], [RciComponentName], [RciID], [RciComponentDescription], [SuggestedCosts]) VALUES (123046, N'Desk - Lamp/Light/carrel', 7051, N'Main Room', N'Replacement Cost,36|')
INSERT [dbo].[RciComponent] ([RciComponentID], [RciComponentName], [RciID], [RciComponentDescription], [SuggestedCosts]) VALUES (123047, N'Desk - Surface top', 7051, N'Main Room', N'Fixing Cost,40|')
INSERT [dbo].[RciComponent] ([RciComponentID], [RciComponentName], [RciID], [RciComponentDescription], [SuggestedCosts]) VALUES (123048, N'Desk - Drawer', 7051, N'Main Room', N'Fixing Cost,20|')
INSERT [dbo].[RciComponent] ([RciComponentID], [RciComponentName], [RciID], [RciComponentDescription], [SuggestedCosts]) VALUES (123049, N'Desk Chair', 7051, N'Main Room', N'Replacement Cost,50|')
INSERT [dbo].[RciComponent] ([RciComponentID], [RciComponentName], [RciID], [RciComponentDescription], [SuggestedCosts]) VALUES (123050, N'Door', 7051, N'Main Room', N'Replacement Cost,155|Doorstop Replacement,20|Lock Damage,36|Lockset Replacement,144|Card Access Lock Replacement,500|')
INSERT [dbo].[RciComponent] ([RciComponentID], [RciComponentName], [RciID], [RciComponentDescription], [SuggestedCosts]) VALUES (123051, N'Ceiling Light', 7051, N'Main Room', N'Replacement Cost,60|')
INSERT [dbo].[RciComponent] ([RciComponentID], [RciComponentName], [RciID], [RciComponentDescription], [SuggestedCosts]) VALUES (123052, N'Outlets/Switches', 7051, N'Main Room', N'Replacement Cost,20|')
INSERT [dbo].[RciComponent] ([RciComponentID], [RciComponentName], [RciID], [RciComponentDescription], [SuggestedCosts]) VALUES (123053, N'Thermostat/Heat Control', 7051, N'Main Room', N'Replacement Cost,72|')
INSERT [dbo].[RciComponent] ([RciComponentID], [RciComponentName], [RciID], [RciComponentDescription], [SuggestedCosts]) VALUES (123054, N'Mirror', 7051, N'Main Room', N'Broken mirror,60|Stickers/marks,5|')
INSERT [dbo].[RciComponent] ([RciComponentID], [RciComponentName], [RciID], [RciComponentDescription], [SuggestedCosts]) VALUES (123055, N'Wall', 7051, N'Main Room', N'Abusive Wear Cost,75|Paint chips,5|Holes,75|')
INSERT [dbo].[RciComponent] ([RciComponentID], [RciComponentName], [RciID], [RciComponentDescription], [SuggestedCosts]) VALUES (123056, N'Ceiling', 7051, N'Main Room', N'Abusive Wear Cost,40|Paint chips,5|Holes,75|')
INSERT [dbo].[RciComponent] ([RciComponentID], [RciComponentName], [RciID], [RciComponentDescription], [SuggestedCosts]) VALUES (123057, N'Closet Doors', 7051, N'Main Room', N'Replacement Cost,100|')
INSERT [dbo].[RciComponent] ([RciComponentID], [RciComponentName], [RciID], [RciComponentDescription], [SuggestedCosts]) VALUES (123058, N'Closet Towel Rack', 7051, N'Main Room', N'Replacement Cost,15|')
INSERT [dbo].[RciComponent] ([RciComponentID], [RciComponentName], [RciID], [RciComponentDescription], [SuggestedCosts]) VALUES (123059, N'Wardrobe', 7051, N'Main Room', N'Abusive Wear Cost,60|')
INSERT [dbo].[RciComponent] ([RciComponentID], [RciComponentName], [RciID], [RciComponentDescription], [SuggestedCosts]) VALUES (123060, N'Recycling Basket', 7051, N'Main Room', N'Replacement Cost,20|')
INSERT [dbo].[RciComponent] ([RciComponentID], [RciComponentName], [RciID], [RciComponentDescription], [SuggestedCosts]) VALUES (123061, N'Telephone outlet', 7051, N'Main Room', N'Replacement Cost,50|')
INSERT [dbo].[RciComponent] ([RciComponentID], [RciComponentName], [RciID], [RciComponentDescription], [SuggestedCosts]) VALUES (123062, N'Computer outlet', 7051, N'Main Room', N'Replacement Cost,50|')
INSERT [dbo].[RciComponent] ([RciComponentID], [RciComponentName], [RciID], [RciComponentDescription], [SuggestedCosts]) VALUES (123063, N'Window glass', 7051, N'Main Room', N'Cost depends on window size,*|')
INSERT [dbo].[RciComponent] ([RciComponentID], [RciComponentName], [RciID], [RciComponentDescription], [SuggestedCosts]) VALUES (123064, N'Window - lock/crank/lever', 7051, N'Main Room', N'Replacement Cost,50|')
INSERT [dbo].[RciComponent] ([RciComponentID], [RciComponentName], [RciID], [RciComponentDescription], [SuggestedCosts]) VALUES (123065, N'Window - Screen', 7051, N'Main Room', N'Replacement Cost,50|')
INSERT [dbo].[RciComponent] ([RciComponentID], [RciComponentName], [RciID], [RciComponentDescription], [SuggestedCosts]) VALUES (123066, N'Window - Shades', 7051, N'Main Room', N'Replacement Cost,70|')
INSERT [dbo].[RciComponent] ([RciComponentID], [RciComponentName], [RciID], [RciComponentDescription], [SuggestedCosts]) VALUES (123067, N'Other Damages', 7051, N'Main Room', N'')
INSERT [dbo].[RciComponent] ([RciComponentID], [RciComponentName], [RciID], [RciComponentDescription], [SuggestedCosts]) VALUES (123068, N'Improper Checkout', 7051, N'Fine', N'Flat Amount,30|')
INSERT [dbo].[RciComponent] ([RciComponentID], [RciComponentName], [RciID], [RciComponentDescription], [SuggestedCosts]) VALUES (123069, N'Lost Key', 7051, N'Fine', N'Room,25|Hall,50|')

INSERT [dbo].[RciComponent] ([RciComponentID], [RciComponentName], [RciID], [RciComponentDescription], [SuggestedCosts]) VALUES (111685, N'Bed Frame', 6660, N'Main Room', N'Fixing Cost,50|')
INSERT [dbo].[RciComponent] ([RciComponentID], [RciComponentName], [RciID], [RciComponentDescription], [SuggestedCosts]) VALUES (111686, N'Bed Mattress', 6660, N'Main Room', N'Replacement Cost,125|')
INSERT [dbo].[RciComponent] ([RciComponentID], [RciComponentName], [RciID], [RciComponentDescription], [SuggestedCosts]) VALUES (111687, N'Bed Mattress Cover', 6660, N'Main Room', N'Replacement Cost,30|')
INSERT [dbo].[RciComponent] ([RciComponentID], [RciComponentName], [RciID], [RciComponentDescription], [SuggestedCosts]) VALUES (111688, N'Bookshelf over Desk', 6660, N'Main Room', N'Abusive Wear Cost,30|')
INSERT [dbo].[RciComponent] ([RciComponentID], [RciComponentName], [RciID], [RciComponentDescription], [SuggestedCosts]) VALUES (111689, N'Carpet', 6660, N'Main Room', N'Minor Burn,60|Medium Stain,60|Carpet Replacement,400|')
INSERT [dbo].[RciComponent] ([RciComponentID], [RciComponentName], [RciID], [RciComponentDescription], [SuggestedCosts]) VALUES (111690, N'Closet Door', 6660, N'Main Room', N'Door Replacement,150|')
INSERT [dbo].[RciComponent] ([RciComponentID], [RciComponentName], [RciID], [RciComponentDescription], [SuggestedCosts]) VALUES (111691, N'Closet Towel Rack', 6660, N'Main Room', N'Shelf Replacement,25|')
INSERT [dbo].[RciComponent] ([RciComponentID], [RciComponentName], [RciID], [RciComponentDescription], [SuggestedCosts]) VALUES (111692, N'Desk - Lamp/Light', 6660, N'Main Room', N'Replacement Cost,36|')
INSERT [dbo].[RciComponent] ([RciComponentID], [RciComponentName], [RciID], [RciComponentDescription], [SuggestedCosts]) VALUES (111693, N'Desk - Surface top', 6660, N'Main Room', N'Fixing Cost,40|')
INSERT [dbo].[RciComponent] ([RciComponentID], [RciComponentName], [RciID], [RciComponentDescription], [SuggestedCosts]) VALUES (111694, N'Desk - Drawer', 6660, N'Main Room', N'Fixing Cost,20|')
INSERT [dbo].[RciComponent] ([RciComponentID], [RciComponentName], [RciID], [RciComponentDescription], [SuggestedCosts]) VALUES (111695, N'Desk Chair', 6660, N'Main Room', N'Replacement Cost,50|')
INSERT [dbo].[RciComponent] ([RciComponentID], [RciComponentName], [RciID], [RciComponentDescription], [SuggestedCosts]) VALUES (111696, N'Door', 6660, N'Main Room', N'Replacement Cost,200|Lock Damage,50|Lockset Replacement,144|')
INSERT [dbo].[RciComponent] ([RciComponentID], [RciComponentName], [RciID], [RciComponentDescription], [SuggestedCosts]) VALUES (111697, N'Dresser surface', 6660, N'Main Room', N'Fixing Cost,15|')
INSERT [dbo].[RciComponent] ([RciComponentID], [RciComponentName], [RciID], [RciComponentDescription], [SuggestedCosts]) VALUES (111698, N'Dresser drawers', 6660, N'Main Room', N'Fixing Cost,35|')
INSERT [dbo].[RciComponent] ([RciComponentID], [RciComponentName], [RciID], [RciComponentDescription], [SuggestedCosts]) VALUES (111699, N'Ceiling Light', 6660, N'Main Room', N'Replacement Cost,60|')
INSERT [dbo].[RciComponent] ([RciComponentID], [RciComponentName], [RciID], [RciComponentDescription], [SuggestedCosts]) VALUES (111700, N'Outlets/Switches', 6660, N'Main Room', N'Replacement Cost,20|')
INSERT [dbo].[RciComponent] ([RciComponentID], [RciComponentName], [RciID], [RciComponentDescription], [SuggestedCosts]) VALUES (111701, N'Thermostat/Heat Control', 6660, N'Main Room', N'Replacement Cost,72|')
INSERT [dbo].[RciComponent] ([RciComponentID], [RciComponentName], [RciID], [RciComponentDescription], [SuggestedCosts]) VALUES (111702, N'Mirror', 6660, N'Main Room', N'Broken mirror,60|Stickers/marks,5|')
INSERT [dbo].[RciComponent] ([RciComponentID], [RciComponentName], [RciID], [RciComponentDescription], [SuggestedCosts]) VALUES (111703, N'Wall', 6660, N'Main Room', N'Abusive Wear Cost,75|Paint chips,5|Small Holes,50|')

SET IDENTITY_INSERT RciComponent OFF

SET IDENTITY_INSERT Fine ON

INSERT [dbo].[Fine] ([FineID], [FineAmount], [GordonID], [Reason], [RciComponentID]) VALUES (1203, CAST(0.00 AS Decimal(13, 2)), N'50161991', N'Left has large scratch marks', 111701)
INSERT [dbo].[Fine] ([FineID], [FineAmount], [GordonID], [Reason], [RciComponentID]) VALUES (1205, CAST(0.00 AS Decimal(13, 2)), N'50161991', N'Near head of bed various paint chips', 111701)
INSERT [dbo].[Fine] ([FineID], [FineAmount], [GordonID], [Reason], [RciComponentID]) VALUES (1214, CAST(5.00 AS Decimal(13, 2)), N'50167495', N'small black stain above the closet by the door ', 111701)
INSERT [dbo].[Fine] ([FineID], [FineAmount], [GordonID], [Reason], [RciComponentID]) VALUES (1217, CAST(5.00 AS Decimal(13, 2)), N'50159101', N'Paint chip', 123067)
INSERT [dbo].[Fine] ([FineID], [FineAmount], [GordonID], [Reason], [RciComponentID]) VALUES (1218, CAST(5.00 AS Decimal(13, 2)), N'50159101', N'Blue sticky tac', 123067)
INSERT [dbo].[Fine] ([FineID], [FineAmount], [GordonID], [Reason], [RciComponentID]) VALUES (1219, CAST(5.00 AS Decimal(13, 2)), N'50159101', N'TH on black divider at the end of bed, filled in with black pen', 123067)
INSERT [dbo].[Fine] ([FineID], [FineAmount], [GordonID], [Reason], [RciComponentID]) VALUES (1220, CAST(20.00 AS Decimal(13, 2)), N'50123937', N'4 paint chips along wall above bed', 126064)
INSERT [dbo].[Fine] ([FineID], [FineAmount], [GordonID], [Reason], [RciComponentID]) VALUES (1221, CAST(5.00 AS Decimal(13, 2)), N'50123937', N'paint chip on wall near door', 126064)
INSERT [dbo].[Fine] ([FineID], [FineAmount], [GordonID], [Reason], [RciComponentID]) VALUES (1224, CAST(30.00 AS Decimal(13, 2)), N'50123937', N'Large Stain on Bottom', 126064)
INSERT [dbo].[Fine] ([FineID], [FineAmount], [GordonID], [Reason], [RciComponentID]) VALUES (1225, CAST(60.00 AS Decimal(13, 2)), N'50191298', N'Medium White Paper Stains Near Desk', 112774)
INSERT [dbo].[Fine] ([FineID], [FineAmount], [GordonID], [Reason], [RciComponentID]) VALUES (1227, CAST(0.00 AS Decimal(13, 2)), N'50192706', N'Latches need replacing', 112774)
INSERT [dbo].[Fine] ([FineID], [FineAmount], [GordonID], [Reason], [RciComponentID]) VALUES (1228, CAST(5.00 AS Decimal(13, 2)), N'50191298', N'White Mark Near Desk', 112774)
INSERT [dbo].[Fine] ([FineID], [FineAmount], [GordonID], [Reason], [RciComponentID]) VALUES (1229, CAST(0.00 AS Decimal(13, 2)), N'50192706', N'Needs doorstop--creating indent in wall', 112137)
INSERT [dbo].[Fine] ([FineID], [FineAmount], [GordonID], [Reason], [RciComponentID]) VALUES (1230, CAST(0.00 AS Decimal(13, 2)), N'50192706', N'Does not have room key b/c none were working', 112137)
INSERT [dbo].[Fine] ([FineID], [FineAmount], [GordonID], [Reason], [RciComponentID]) VALUES (1232, CAST(10.00 AS Decimal(13, 2)), N'50191139', N'Paint chip size of two grapes over shelf', 126273)
INSERT [dbo].[Fine] ([FineID], [FineAmount], [GordonID], [Reason], [RciComponentID]) VALUES (1233, CAST(5.00 AS Decimal(13, 2)), N'50191139', N'Paint chip quarter size ', 126273)
INSERT [dbo].[Fine] ([FineID], [FineAmount], [GordonID], [Reason], [RciComponentID]) VALUES (1234, CAST(15.00 AS Decimal(13, 2)), N'50185271', N'Stains on bottom of mattress ', 126273)
INSERT [dbo].[Fine] ([FineID], [FineAmount], [GordonID], [Reason], [RciComponentID]) VALUES (1235, CAST(5.00 AS Decimal(13, 2)), N'50185271', N'Gouge under window ', 110802)
INSERT [dbo].[Fine] ([FineID], [FineAmount], [GordonID], [Reason], [RciComponentID]) VALUES (1236, CAST(30.00 AS Decimal(13, 2)), N'50149777', N'changed to earlier time', 110802)
INSERT [dbo].[Fine] ([FineID], [FineAmount], [GordonID], [Reason], [RciComponentID]) VALUES (1237, CAST(5.00 AS Decimal(13, 2)), N'50196746', N'Tack Hole', 77070)
INSERT [dbo].[Fine] ([FineID], [FineAmount], [GordonID], [Reason], [RciComponentID]) VALUES (1240, CAST(0.00 AS Decimal(13, 2)), N'50196746', N'Cracked Glass - Bottom Right', 77070)
INSERT [dbo].[Fine] ([FineID], [FineAmount], [GordonID], [Reason], [RciComponentID]) VALUES (1242, CAST(0.00 AS Decimal(13, 2)), N'50196746', N'Wardrobe closet door doesn''t really close. Could you help fix/replace it? Thanks', 77070)
INSERT [dbo].[Fine] ([FineID], [FineAmount], [GordonID], [Reason], [RciComponentID]) VALUES (1243, CAST(10.00 AS Decimal(13, 2)), N'50196746', N'2 paint chips', 77070)
INSERT [dbo].[Fine] ([FineID], [FineAmount], [GordonID], [Reason], [RciComponentID]) VALUES (1244, CAST(0.00 AS Decimal(13, 2)), N'50196746', N'We mattress and wood frame smells like urine. Resident says that the smell wafts whenever he makes his bed. Thanks!', 77070)
INSERT [dbo].[Fine] ([FineID], [FineAmount], [GordonID], [Reason], [RciComponentID]) VALUES (1245, CAST(0.00 AS Decimal(13, 2)), N'50196746', N'Needs new latch (left closet door)', 77070)

SET IDENTITY_INSERT Fine OFF

SET IDENTITY_INSERT Damage ON

INSERT [dbo].[Damage] ([DamageID], [DamageDescription], [DamageImagePath], [DamageType], [RciComponentID], [FineAssessed]) VALUES (1788, N'White tape marks left of desk ', NULL, N'TEXT', 111701, NULL)
INSERT [dbo].[Damage] ([DamageID], [DamageDescription], [DamageImagePath], [DamageType], [RciComponentID], [FineAssessed]) VALUES (1789, N'Gum right of bed', NULL, N'TEXT', 111701, NULL)
INSERT [dbo].[Damage] ([DamageID], [DamageDescription], [DamageImagePath], [DamageType], [RciComponentID], [FineAssessed]) VALUES (1790, N'Footprint on left side', NULL, N'TEXT', 111701, NULL)
INSERT [dbo].[Damage] ([DamageID], [DamageDescription], [DamageImagePath], [DamageType], [RciComponentID], [FineAssessed]) VALUES (1791, N'Paint stain left side front', NULL, N'TEXT', 123067, NULL)
INSERT [dbo].[Damage] ([DamageID], [DamageDescription], [DamageImagePath], [DamageType], [RciComponentID], [FineAssessed]) VALUES (1792, N'Footprint in front', NULL, N'TEXT', 123067, NULL)
INSERT [dbo].[Damage] ([DamageID], [DamageDescription], [DamageImagePath], [DamageType], [RciComponentID], [FineAssessed]) VALUES (1793, N'Gray stain front middle ', NULL, N'TEXT', 123067, NULL)
INSERT [dbo].[Damage] ([DamageID], [DamageDescription], [DamageImagePath], [DamageType], [RciComponentID], [FineAssessed]) VALUES (1794, N'Black stains left side ', NULL, N'TEXT', 126064, NULL)
INSERT [dbo].[Damage] ([DamageID], [DamageDescription], [DamageImagePath], [DamageType], [RciComponentID], [FineAssessed]) VALUES (1795, N'Coffee stains ', NULL, N'TEXT', 126064, NULL)
INSERT [dbo].[Damage] ([DamageID], [DamageDescription], [DamageImagePath], [DamageType], [RciComponentID], [FineAssessed]) VALUES (1796, N'Mug ring stains in front ', NULL, N'TEXT', 126064, NULL)
INSERT [dbo].[Damage] ([DamageID], [DamageDescription], [DamageImagePath], [DamageType], [RciComponentID], [FineAssessed]) VALUES (1797, N'Hole back middle', NULL, N'TEXT', 112774, NULL)
INSERT [dbo].[Damage] ([DamageID], [DamageDescription], [DamageImagePath], [DamageType], [RciComponentID], [FineAssessed]) VALUES (1798, N'Scratches ', NULL, N'TEXT', 112774, NULL)
INSERT [dbo].[Damage] ([DamageID], [DamageDescription], [DamageImagePath], [DamageType], [RciComponentID], [FineAssessed]) VALUES (1799, N'White paint stain front', NULL, N'TEXT', 112774, NULL)
INSERT [dbo].[Damage] ([DamageID], [DamageDescription], [DamageImagePath], [DamageType], [RciComponentID], [FineAssessed]) VALUES (1800, N'White stain left middle back ', NULL, N'TEXT', 112137, NULL)
INSERT [dbo].[Damage] ([DamageID], [DamageDescription], [DamageImagePath], [DamageType], [RciComponentID], [FineAssessed]) VALUES (1801, N'Chipped edges in right front side ', NULL, N'TEXT', 112137, NULL)
INSERT [dbo].[Damage] ([DamageID], [DamageDescription], [DamageImagePath], [DamageType], [RciComponentID], [FineAssessed]) VALUES (1802, N'Coffee stains ', NULL, N'TEXT', 112137, NULL)
INSERT [dbo].[Damage] ([DamageID], [DamageDescription], [DamageImagePath], [DamageType], [RciComponentID], [FineAssessed]) VALUES (1803, N'Wood is peeling off in back ', NULL, N'TEXT', 126273, NULL)
INSERT [dbo].[Damage] ([DamageID], [DamageDescription], [DamageImagePath], [DamageType], [RciComponentID], [FineAssessed]) VALUES (1804, N'Scratches and paint stain on second shelf ', NULL, N'TEXT', 126273, NULL)
INSERT [dbo].[Damage] ([DamageID], [DamageDescription], [DamageImagePath], [DamageType], [RciComponentID], [FineAssessed]) VALUES (1805, N'Black stain right side second shelf ', NULL, N'TEXT', 126273, NULL)
INSERT [dbo].[Damage] ([DamageID], [DamageDescription], [DamageImagePath], [DamageType], [RciComponentID], [FineAssessed]) VALUES (1806, N'Hole near door', NULL, N'TEXT', 110802, NULL)
INSERT [dbo].[Damage] ([DamageID], [DamageDescription], [DamageImagePath], [DamageType], [RciComponentID], [FineAssessed]) VALUES (1807, N'Small rip under desk', NULL, N'TEXT', 110802, NULL)
INSERT [dbo].[Damage] ([DamageID], [DamageDescription], [DamageImagePath], [DamageType], [RciComponentID], [FineAssessed]) VALUES (1808, N'Minor stain in front of closet', NULL, N'TEXT', 110802, NULL)
INSERT [dbo].[Damage] ([DamageID], [DamageDescription], [DamageImagePath], [DamageType], [RciComponentID], [FineAssessed]) VALUES (1809, N'Chips on outside ', NULL, N'TEXT', 77070, NULL)
INSERT [dbo].[Damage] ([DamageID], [DamageDescription], [DamageImagePath], [DamageType], [RciComponentID], [FineAssessed]) VALUES (1810, N'Wood peeling on bottom', NULL, N'TEXT', 77070, NULL)
INSERT [dbo].[Damage] ([DamageID], [DamageDescription], [DamageImagePath], [DamageType], [RciComponentID], [FineAssessed]) VALUES (1811, N'Discoloring ', NULL, N'TEXT', 77070, NULL)
INSERT [dbo].[Damage] ([DamageID], [DamageDescription], [DamageImagePath], [DamageType], [RciComponentID], [FineAssessed]) VALUES (1812, N'Left door is difficult to open', NULL, N'TEXT', 77070, NULL)
INSERT [dbo].[Damage] ([DamageID], [DamageDescription], [DamageImagePath], [DamageType], [RciComponentID], [FineAssessed]) VALUES (1813, N'Small stains and discoloring in top drawer', NULL, N'TEXT', 126273, NULL)
INSERT [dbo].[Damage] ([DamageID], [DamageDescription], [DamageImagePath], [DamageType], [RciComponentID], [FineAssessed]) VALUES (1814, N'Black dividers have stains and marks ', NULL, N'TEXT', 126273, NULL)
INSERT [dbo].[Damage] ([DamageID], [DamageDescription], [DamageImagePath], [DamageType], [RciComponentID], [FineAssessed]) VALUES (1815, N'Might flicker on', NULL, N'TEXT', 126064, NULL)
INSERT [dbo].[Damage] ([DamageID], [DamageDescription], [DamageImagePath], [DamageType], [RciComponentID], [FineAssessed]) VALUES (1816, N'Minor stains and scratches ', NULL, N'TEXT', 126064, NULL)
INSERT [dbo].[Damage] ([DamageID], [DamageDescription], [DamageImagePath], [DamageType], [RciComponentID], [FineAssessed]) VALUES (1817, N'Stains in front ', NULL, N'TEXT', 126064, NULL)

SET IDENTITY_INSERT Damage OFF


-- Some RDs and their respective entries in the CurrentRD Table (Tavilla, Drew and One Road hall)
INSERT [dbo].[Account] ([ID_NUM], [firstname], [lastname], [email], [AD_Username], [account_type], [Private]) VALUES (N'9529423', N'Sarah', N'Welch', N'Sarah.J.Welch@gordon.edu', N'Sarah.J.Welch', N'STAFF', 0)
INSERT [dbo].[CurrentRD] ([ID_NUM], [firstname], [lastname], [email], [Job_Title], [Job_Title_Hall]) VALUES (N'9529423', N'Sarah', N'Welch', N'Sarah.J.Welch@gordon.edu', N'Resident Director - Road Halls', N'Road Halls')
INSERT [dbo].[Account] ([ID_NUM], [firstname], [lastname], [email], [AD_Username], [account_type], [Private]) VALUES (N'40000911', N'Ethan', N'Mignard', N'Ethan.Mignard@gordon.edu', N'Ethan.Mignard', N'STAFF', 0)
INSERT [dbo].[CurrentRD] ([ID_NUM], [firstname], [lastname], [email], [Job_Title], [Job_Title_Hall]) VALUES (N'40000911', N'Ethan', N'Mignard', N'Ethan.Mignard@gordon.edu', N'Resident Director - Tavilla', N'Tavilla')
INSERT [dbo].[Account] ([ID_NUM], [firstname], [lastname], [email], [AD_Username], [account_type], [Private]) VALUES (N'9582572', N'Grace', N'Gossett', N'Grace.Gossett@gordon.edu', N'Grace.Gossett', N'STAFF', 0)
INSERT [dbo].[CurrentRD] ([ID_NUM], [firstname], [lastname], [email], [Job_Title], [Job_Title_Hall]) VALUES (N'9582572', N'Grace', N'Gossett', N'Grace.Gossett@gordon.edu', N'Resident Director - Ferrin and Drew', N'Ferrin and Drew')


-- Some RAs and their respective entries in the CurrentRA and RoomAssign Table (Tavilla, Drew and One Road Hall)
INSERT [dbo].[Account] ([ID_NUM], [firstname], [lastname], [email], [AD_Username], [account_type], [Private]) VALUES (N'50189983', N'Evan', N'Platzer', N'Evan.Platzer@gordon.edu', N'Evan.Platzer', N'STUDENT', 0)
INSERT [dbo].[CurrentRA] ([Dorm], [AD_Username], [ID_NUM]) VALUES (N'GED  ', N'Evan.Platzer', 50189983)
INSERT [dbo].[RoomAssign] ([APPID], [SESS_CDE], [BLDG_LOC_CDE], [BLDG_CDE], [ROOM_CDE], [ROOM_SLOT_NUM], [ID_NUM], [ROOM_TYPE], [ROOM_ASSIGN_STS], [ASSIGN_DTE], [USER_NAME], [JOB_NAME], [JOB_TIME]) VALUES (79035, N'201709  ', N'FWLR ', N'GED  ', N'103  ', 1, 50189983, N'DO', N'A', CAST(N'2017-06-26T13:46:41.000' AS DateTime), N'MARTA.PERALTA', N'f_assign_to_room', CAST(N'2017-06-26T13:47:00.000' AS DateTime))
INSERT [dbo].[RoomAssign] ([APPID], [SESS_CDE], [BLDG_LOC_CDE], [BLDG_CDE], [ROOM_CDE], [ROOM_SLOT_NUM], [ID_NUM], [ROOM_TYPE], [ROOM_ASSIGN_STS], [ASSIGN_DTE], [USER_NAME], [JOB_NAME], [JOB_TIME]) VALUES (81358, N'201801  ', N'FWLR ', N'GED  ', N'103  ', 1, 50189983, N'DO', N'A', CAST(N'2017-06-26T13:46:41.000' AS DateTime), N'TERRY.CHAREK', N'f_copy_session', CAST(N'2017-11-07T16:09:48.777' AS DateTime))
INSERT [dbo].[RoomAssign] ([APPID], [SESS_CDE], [BLDG_LOC_CDE], [BLDG_CDE], [ROOM_CDE], [ROOM_SLOT_NUM], [ID_NUM], [ROOM_TYPE], [ROOM_ASSIGN_STS], [ASSIGN_DTE], [USER_NAME], [JOB_NAME], [JOB_TIME]) VALUES (83618, N'201809  ', N'FWLR ', N'GED  ', N'101  ', 1, 50189983, N'DO', N'A', CAST(N'2018-04-26T00:42:25.000' AS DateTime), N'ETHAN.MIGNARD', N'f_assign_to_room', CAST(N'2018-04-26T00:45:22.000' AS DateTime))

INSERT [dbo].[Account] ([ID_NUM], [firstname], [lastname], [email], [AD_Username], [account_type], [Private]) VALUES (N'50159101', N'Kristin', N'Mello', N'Kristin.Mello@gordon.edu', N'Kristin.Mello', N'STUDENT', 0)
INSERT [dbo].[CurrentRA] ([Dorm], [AD_Username], [ID_NUM]) VALUES (N'DRW  ', N'Kristin.Mello', 50159101)
INSERT [dbo].[RoomAssign] ([APPID], [SESS_CDE], [BLDG_LOC_CDE], [BLDG_CDE], [ROOM_CDE], [ROOM_SLOT_NUM], [ID_NUM], [ROOM_TYPE], [ROOM_ASSIGN_STS], [ASSIGN_DTE], [USER_NAME], [JOB_NAME], [JOB_TIME]) VALUES (78516, N'201709  ', N'FWLR ', N'DRW  ', N'107  ', 1, 50159101, N'DO', N'A', CAST(N'2017-05-01T21:21:16.000' AS DateTime), N'MARTA.PERALTA', N'f_assign_to_room', CAST(N'2017-05-01T21:22:02.000' AS DateTime))
INSERT [dbo].[RoomAssign] ([APPID], [SESS_CDE], [BLDG_LOC_CDE], [BLDG_CDE], [ROOM_CDE], [ROOM_SLOT_NUM], [ID_NUM], [ROOM_TYPE], [ROOM_ASSIGN_STS], [ASSIGN_DTE], [USER_NAME], [JOB_NAME], [JOB_TIME]) VALUES (80831, N'201801  ', N'FWLR ', N'DRW  ', N'107  ', 1, 50159101, N'DO', N'A', CAST(N'2017-05-01T21:21:16.000' AS DateTime), N'TERRY.CHAREK', N'f_copy_session', CAST(N'2017-11-07T16:09:48.777' AS DateTime))

INSERT [dbo].[Account] ([ID_NUM], [firstname], [lastname], [email], [AD_Username], [account_type], [Private]) VALUES (N'50123937', N'Megan', N'Hammes', N'Megan.Hammes@gordon.edu', N'Megan.Hammes', N'STUDENT', 0)
INSERT [dbo].[CurrentRA] ([Dorm], [AD_Username], [ID_NUM]) VALUES (N'TAV  ', N'Megan.Hammes', 50123937)
INSERT [dbo].[RoomAssign] ([APPID], [SESS_CDE], [BLDG_LOC_CDE], [BLDG_CDE], [ROOM_CDE], [ROOM_SLOT_NUM], [ID_NUM], [ROOM_TYPE], [ROOM_ASSIGN_STS], [ASSIGN_DTE], [USER_NAME], [JOB_NAME], [JOB_TIME]) VALUES (79518, N'201709  ', N'FWLR ', N'TAV  ', N'320B ', 1, 50123937, N'SI', N'A', CAST(N'2017-08-29T10:46:53.000' AS DateTime), N'ETHAN.MIGNARD', N'f_assign_to_room', CAST(N'2017-08-29T10:47:21.000' AS DateTime))
INSERT [dbo].[RoomAssign] ([APPID], [SESS_CDE], [BLDG_LOC_CDE], [BLDG_CDE], [ROOM_CDE], [ROOM_SLOT_NUM], [ID_NUM], [ROOM_TYPE], [ROOM_ASSIGN_STS], [ASSIGN_DTE], [USER_NAME], [JOB_NAME], [JOB_TIME]) VALUES (81846, N'201801  ', N'FWLR ', N'TAV  ', N'320B ', 1, 50123937, N'SI', N'A', CAST(N'2017-08-29T10:46:53.000' AS DateTime), N'TERRY.CHAREK', N'f_copy_session', CAST(N'2017-11-07T16:09:48.777' AS DateTime))

-- Some Choice Randos
-- Tavilla Residents
INSERT [dbo].[Account] ([ID_NUM], [firstname], [lastname], [email], [AD_Username], [account_type], [Private]) VALUES (N'50196746', N'Chase', N'Tipton', N'Chase.Tipton@gordon.edu', N'Chase.Tipton', N'STUDENT', 0)
INSERT [dbo].[RoomAssign] ([APPID], [SESS_CDE], [BLDG_LOC_CDE], [BLDG_CDE], [ROOM_CDE], [ROOM_SLOT_NUM], [ID_NUM], [ROOM_TYPE], [ROOM_ASSIGN_STS], [ASSIGN_DTE], [USER_NAME], [JOB_NAME], [JOB_TIME]) VALUES (84957, N'201809  ', N'FWLR ', N'TAV  ', N'B06D ', 3, 50196746, N'DO', N'A', CAST(N'2018-04-28T19:18:09.000' AS DateTime), N'ETHAN.MIGNARD', N'f_assign_to_room', CAST(N'2018-04-28T19:21:25.000' AS DateTime))

INSERT [dbo].[Account] ([ID_NUM], [firstname], [lastname], [email], [AD_Username], [account_type], [Private]) VALUES (N'50194812', N'Theunis', N'Erasmus', N'Jacques.Erasmus@gordon.edu', N'Jacques.Erasmus', N'STUDENT', 0)
INSERT [dbo].[RoomAssign] ([APPID], [SESS_CDE], [BLDG_LOC_CDE], [BLDG_CDE], [ROOM_CDE], [ROOM_SLOT_NUM], [ID_NUM], [ROOM_TYPE], [ROOM_ASSIGN_STS], [ASSIGN_DTE], [USER_NAME], [JOB_NAME], [JOB_TIME]) VALUES (74997, N'201701  ', N'FWLR ', N'TAV  ', N'B06A ', 1, 50194812, N'DO', N'A', CAST(N'2017-01-04T15:38:48.000' AS DateTime), N'MARTA.PERALTA', N'f_assign_to_room', CAST(N'2017-01-04T15:38:50.000' AS DateTime))
INSERT [dbo].[RoomAssign] ([APPID], [SESS_CDE], [BLDG_LOC_CDE], [BLDG_CDE], [ROOM_CDE], [ROOM_SLOT_NUM], [ID_NUM], [ROOM_TYPE], [ROOM_ASSIGN_STS], [ASSIGN_DTE], [USER_NAME], [JOB_NAME], [JOB_TIME]) VALUES (79524, N'201709  ', N'FWLR ', N'TAV  ', N'B06A ', 3, 50194812, N'DO', N'A', CAST(N'2017-08-25T16:16:14.000' AS DateTime), N'ETHAN.MIGNARD', N'f_assign_to_room', CAST(N'2017-08-25T16:16:33.000' AS DateTime))
INSERT [dbo].[RoomAssign] ([APPID], [SESS_CDE], [BLDG_LOC_CDE], [BLDG_CDE], [ROOM_CDE], [ROOM_SLOT_NUM], [ID_NUM], [ROOM_TYPE], [ROOM_ASSIGN_STS], [ASSIGN_DTE], [USER_NAME], [JOB_NAME], [JOB_TIME]) VALUES (81852, N'201801  ', N'FWLR ', N'TAV  ', N'B06A ', 3, 50194812, N'DO', N'A', CAST(N'2017-08-25T16:16:14.000' AS DateTime), N'TERRY.CHAREK', N'f_copy_session', CAST(N'2017-11-07T16:09:48.777' AS DateTime))
INSERT [dbo].[RoomAssign] ([APPID], [SESS_CDE], [BLDG_LOC_CDE], [BLDG_CDE], [ROOM_CDE], [ROOM_SLOT_NUM], [ID_NUM], [ROOM_TYPE], [ROOM_ASSIGN_STS], [ASSIGN_DTE], [USER_NAME], [JOB_NAME], [JOB_TIME]) VALUES (84009, N'201809  ', N'FWLR ', N'TAV  ', N'120B ', 1, 50194812, N'SI', N'A', CAST(N'2018-04-26T01:00:49.000' AS DateTime), N'ETHAN.MIGNARD', N'f_assign_to_room', CAST(N'2018-04-26T01:01:48.000' AS DateTime))

-- Drew Residents
INSERT [dbo].[Account] ([ID_NUM], [firstname], [lastname], [email], [AD_Username], [account_type], [Private]) VALUES (N'50064773', N'Erik', N'Hallenbeck', N'Erik.Hallenbeck@gordon.edu', N'Erik.Hallenbeck', N'STUDENT', 0)
INSERT [dbo].[RoomAssign] ([APPID], [SESS_CDE], [BLDG_LOC_CDE], [BLDG_CDE], [ROOM_CDE], [ROOM_SLOT_NUM], [ID_NUM], [ROOM_TYPE], [ROOM_ASSIGN_STS], [ASSIGN_DTE], [USER_NAME], [JOB_NAME], [JOB_TIME]) VALUES (71657, N'201609  ', N'FWLR ', N'DRW  ', N'101  ', 1, 50064773, N'TR', N'A', CAST(N'2016-05-20T14:42:45.000' AS DateTime), N'MARTA.PERALTA', N'f_assign_to_room', CAST(N'2016-05-20T14:45:03.000' AS DateTime))
INSERT [dbo].[RoomAssign] ([APPID], [SESS_CDE], [BLDG_LOC_CDE], [BLDG_CDE], [ROOM_CDE], [ROOM_SLOT_NUM], [ID_NUM], [ROOM_TYPE], [ROOM_ASSIGN_STS], [ASSIGN_DTE], [USER_NAME], [JOB_NAME], [JOB_TIME]) VALUES (73946, N'201701  ', N'FWLR ', N'DRW  ', N'101  ', 1, 50064773, N'TR', N'A', CAST(N'2016-05-20T14:42:45.000' AS DateTime), N'TERRY.CHAREK', N'f_copy_session', CAST(N'2016-11-10T09:15:09.510' AS DateTime))
INSERT [dbo].[RoomAssign] ([APPID], [SESS_CDE], [BLDG_LOC_CDE], [BLDG_CDE], [ROOM_CDE], [ROOM_SLOT_NUM], [ID_NUM], [ROOM_TYPE], [ROOM_ASSIGN_STS], [ASSIGN_DTE], [USER_NAME], [JOB_NAME], [JOB_TIME]) VALUES (78505, N'201709  ', N'FWLR ', N'DRW  ', N'101  ', 1, 50064773, N'DO', N'A', CAST(N'2017-05-01T21:19:35.000' AS DateTime), N'MARTA.PERALTA', N'f_assign_to_room', CAST(N'2017-05-01T21:22:01.000' AS DateTime))
INSERT [dbo].[RoomAssign] ([APPID], [SESS_CDE], [BLDG_LOC_CDE], [BLDG_CDE], [ROOM_CDE], [ROOM_SLOT_NUM], [ID_NUM], [ROOM_TYPE], [ROOM_ASSIGN_STS], [ASSIGN_DTE], [USER_NAME], [JOB_NAME], [JOB_TIME]) VALUES (80820, N'201801  ', N'FWLR ', N'DRW  ', N'101  ', 1, 50064773, N'DO', N'A', CAST(N'2017-05-01T21:19:35.000' AS DateTime), N'TERRY.CHAREK', N'f_copy_session', CAST(N'2017-11-07T16:09:48.777' AS DateTime))

INSERT [dbo].[Account] ([ID_NUM], [firstname], [lastname], [email], [AD_Username], [account_type], [Private]) VALUES (N'50083072', N'Monica', N'Kim', N'Monica.Kim@gordon.edu', N'Monica.Kim', N'STUDENT', 0)
INSERT [dbo].[RoomAssign] ([APPID], [SESS_CDE], [BLDG_LOC_CDE], [BLDG_CDE], [ROOM_CDE], [ROOM_SLOT_NUM], [ID_NUM], [ROOM_TYPE], [ROOM_ASSIGN_STS], [ASSIGN_DTE], [USER_NAME], [JOB_NAME], [JOB_TIME]) VALUES (71679, N'201609  ', N'FWLR ', N'DRW  ', N'110  ', 1, 50083072, N'TR', N'A', CAST(N'2016-05-20T14:44:25.000' AS DateTime), N'MARTA.PERALTA', N'f_assign_to_room', CAST(N'2016-05-20T14:45:06.000' AS DateTime))
INSERT [dbo].[RoomAssign] ([APPID], [SESS_CDE], [BLDG_LOC_CDE], [BLDG_CDE], [ROOM_CDE], [ROOM_SLOT_NUM], [ID_NUM], [ROOM_TYPE], [ROOM_ASSIGN_STS], [ASSIGN_DTE], [USER_NAME], [JOB_NAME], [JOB_TIME]) VALUES (73968, N'201701  ', N'FWLR ', N'DRW  ', N'110  ', 1, 50083072, N'TR', N'A', CAST(N'2016-05-20T14:44:25.000' AS DateTime), N'TERRY.CHAREK', N'f_copy_session', CAST(N'2016-11-10T09:15:09.510' AS DateTime))

-- Road Hall Residents
INSERT [dbo].[Account] ([ID_NUM], [firstname], [lastname], [email], [AD_Username], [account_type], [Private]) VALUES (N'50051424', N'Abigail', N'Bailey', N'Abby.Bailey@gordon.edu', N'Abby.Bailey', N'STUDENT', 0)
INSERT [dbo].[RoomAssign] ([APPID], [SESS_CDE], [BLDG_LOC_CDE], [BLDG_CDE], [ROOM_CDE], [ROOM_SLOT_NUM], [ID_NUM], [ROOM_TYPE], [ROOM_ASSIGN_STS], [ASSIGN_DTE], [USER_NAME], [JOB_NAME], [JOB_TIME]) VALUES (83657, N'201809  ', N'FWLR ', N'GRA  ', N'113  ', 1, 50051424, N'DO', N'A', CAST(N'2018-04-28T17:03:39.000' AS DateTime), N'ETHAN.MIGNARD', N'f_assign_to_room', CAST(N'2018-04-28T17:03:57.000' AS DateTime))

INSERT [dbo].[Account] ([ID_NUM], [firstname], [lastname], [email], [AD_Username], [account_type], [Private]) VALUES (N'50070852', N'Julia', N'Murphy', N'Julia.Murphy@gordon.edu', N'Julia.Murphy', N'STUDENT', 0)
INSERT [dbo].[RoomAssign] ([APPID], [SESS_CDE], [BLDG_LOC_CDE], [BLDG_CDE], [ROOM_CDE], [ROOM_SLOT_NUM], [ID_NUM], [ROOM_TYPE], [ROOM_ASSIGN_STS], [ASSIGN_DTE], [USER_NAME], [JOB_NAME], [JOB_TIME]) VALUES (79069, N'201709  ', N'FWLR ', N'GRA  ', N'113  ', 2, 50070852, N'DO', N'A', CAST(N'2017-06-20T15:14:34.000' AS DateTime), N'MARTA.PERALTA', N'f_assign_to_room', CAST(N'2017-06-20T15:17:04.000' AS DateTime))
INSERT [dbo].[RoomAssign] ([APPID], [SESS_CDE], [BLDG_LOC_CDE], [BLDG_CDE], [ROOM_CDE], [ROOM_SLOT_NUM], [ID_NUM], [ROOM_TYPE], [ROOM_ASSIGN_STS], [ASSIGN_DTE], [USER_NAME], [JOB_NAME], [JOB_TIME]) VALUES (81394, N'201801  ', N'FWLR ', N'GRA  ', N'113  ', 2, 50070852, N'DO', N'A', CAST(N'2017-06-20T15:14:34.000' AS DateTime), N'TERRY.CHAREK', N'f_copy_session', CAST(N'2017-11-07T16:09:48.777' AS DateTime))


-- Sessions
INSERT [dbo].[Session] ([SESS_CDE], [SESS_DESC], [SESS_BEGN_DTE], [SESS_END_DTE]) VALUES (N'201109  ', N'Fall 11-12 Academic Year', CAST(N'2011-08-24T00:00:00.000' AS DateTime), CAST(N'2011-12-16T00:00:00.000' AS DateTime))
INSERT [dbo].[Session] ([SESS_CDE], [SESS_DESC], [SESS_BEGN_DTE], [SESS_END_DTE]) VALUES (N'201201  ', N'Spring 11-12 Academic Year', CAST(N'2012-01-19T00:00:00.000' AS DateTime), CAST(N'2012-05-20T00:00:00.000' AS DateTime))
INSERT [dbo].[Session] ([SESS_CDE], [SESS_DESC], [SESS_BEGN_DTE], [SESS_END_DTE]) VALUES (N'201209  ', N'Fall 12-13 Academic Year', CAST(N'2012-08-29T00:00:00.000' AS DateTime), CAST(N'2012-12-21T00:00:00.000' AS DateTime))
INSERT [dbo].[Session] ([SESS_CDE], [SESS_DESC], [SESS_BEGN_DTE], [SESS_END_DTE]) VALUES (N'201301  ', N'Spring 12-13 Academic Year', CAST(N'2013-01-16T00:00:00.000' AS DateTime), CAST(N'2013-05-19T00:00:00.000' AS DateTime))
INSERT [dbo].[Session] ([SESS_CDE], [SESS_DESC], [SESS_BEGN_DTE], [SESS_END_DTE]) VALUES (N'201309  ', N'Fall 13-14 Academic Year', CAST(N'2013-08-28T00:00:00.000' AS DateTime), CAST(N'2013-12-20T00:00:00.000' AS DateTime))
INSERT [dbo].[Session] ([SESS_CDE], [SESS_DESC], [SESS_BEGN_DTE], [SESS_END_DTE]) VALUES (N'201401  ', N'Spring 13-14 Academic Year', CAST(N'2014-01-15T00:00:00.000' AS DateTime), CAST(N'2014-05-18T00:00:00.000' AS DateTime))
INSERT [dbo].[Session] ([SESS_CDE], [SESS_DESC], [SESS_BEGN_DTE], [SESS_END_DTE]) VALUES (N'201409  ', N'Fall 14-15 Academic Year', CAST(N'2014-08-27T00:00:00.000' AS DateTime), CAST(N'2014-12-18T00:00:00.000' AS DateTime))
INSERT [dbo].[Session] ([SESS_CDE], [SESS_DESC], [SESS_BEGN_DTE], [SESS_END_DTE]) VALUES (N'201412  ', N'Christmas Break 2014', CAST(N'2014-12-19T00:00:00.000' AS DateTime), CAST(N'2015-01-11T00:00:00.000' AS DateTime))
INSERT [dbo].[Session] ([SESS_CDE], [SESS_DESC], [SESS_BEGN_DTE], [SESS_END_DTE]) VALUES (N'201501  ', N'Spring 14-15 Academic Year', CAST(N'2015-01-12T00:00:00.000' AS DateTime), CAST(N'2015-05-17T00:00:00.000' AS DateTime))
INSERT [dbo].[Session] ([SESS_CDE], [SESS_DESC], [SESS_BEGN_DTE], [SESS_END_DTE]) VALUES (N'201509  ', N'Fall 15-16 Academic Year', CAST(N'2015-08-26T00:00:00.000' AS DateTime), CAST(N'2015-12-18T00:00:00.000' AS DateTime))
INSERT [dbo].[Session] ([SESS_CDE], [SESS_DESC], [SESS_BEGN_DTE], [SESS_END_DTE]) VALUES (N'201505  ', N'Summer 2015', CAST(N'2015-05-18T00:00:00.000' AS DateTime), CAST(N'2015-08-25T00:00:00.000' AS DateTime))
INSERT [dbo].[Session] ([SESS_CDE], [SESS_DESC], [SESS_BEGN_DTE], [SESS_END_DTE]) VALUES (N'201601  ', N'Spring 15-16 Academic Year', CAST(N'2016-01-13T00:00:00.000' AS DateTime), CAST(N'2016-05-15T00:00:00.000' AS DateTime))
INSERT [dbo].[Session] ([SESS_CDE], [SESS_DESC], [SESS_BEGN_DTE], [SESS_END_DTE]) VALUES (N'201512  ', N'Christmas Break 2015', CAST(N'2015-12-19T00:00:00.000' AS DateTime), CAST(N'2016-01-12T00:00:00.000' AS DateTime))
INSERT [dbo].[Session] ([SESS_CDE], [SESS_DESC], [SESS_BEGN_DTE], [SESS_END_DTE]) VALUES (N'201609  ', N'Fall 16-17 Academic Year', CAST(N'2016-08-24T00:00:00.000' AS DateTime), CAST(N'2016-12-15T00:00:00.000' AS DateTime))
INSERT [dbo].[Session] ([SESS_CDE], [SESS_DESC], [SESS_BEGN_DTE], [SESS_END_DTE]) VALUES (N'201701  ', N'Spring 16-17 Academic Year', CAST(N'2017-01-19T00:00:00.000' AS DateTime), CAST(N'2017-05-21T00:00:00.000' AS DateTime))
INSERT [dbo].[Session] ([SESS_CDE], [SESS_DESC], [SESS_BEGN_DTE], [SESS_END_DTE]) VALUES (N'201705  ', N'Summer 2017', CAST(N'2017-05-22T00:00:00.000' AS DateTime), CAST(N'2017-08-29T00:00:00.000' AS DateTime))
INSERT [dbo].[Session] ([SESS_CDE], [SESS_DESC], [SESS_BEGN_DTE], [SESS_END_DTE]) VALUES (N'201709  ', N'Fall 17-18 Academic Year', CAST(N'2017-08-30T00:00:00.000' AS DateTime), CAST(N'2017-12-21T00:00:00.000' AS DateTime))
INSERT [dbo].[Session] ([SESS_CDE], [SESS_DESC], [SESS_BEGN_DTE], [SESS_END_DTE]) VALUES (N'201801  ', N'Spring 17-18 Academic Year', CAST(N'2018-01-18T00:00:00.000' AS DateTime), CAST(N'2018-05-21T00:00:00.000' AS DateTime))
INSERT [dbo].[Session] ([SESS_CDE], [SESS_DESC], [SESS_BEGN_DTE], [SESS_END_DTE]) VALUES (N'201809  ', N'Fall 18-19 Academic Year', CAST(N'2018-08-29T00:00:00.000' AS DateTime), CAST(N'2018-12-20T00:00:00.000' AS DateTime))
INSERT [dbo].[Session] ([SESS_CDE], [SESS_DESC], [SESS_BEGN_DTE], [SESS_END_DTE]) VALUES (N'201805  ', N'Summer 2018', CAST(N'2018-05-21T00:00:00.000' AS DateTime), CAST(N'2018-08-18T00:00:00.000' AS DateTime))

-- Building Asssign
INSERT [dbo].[BuildingAssign] ([JobTitleHall], [BuildingCode]) VALUES (N'Wilson and Lewis', N'WIL')
INSERT [dbo].[BuildingAssign] ([JobTitleHall], [BuildingCode]) VALUES (N'Wilson and Lewis', N'LEW')
INSERT [dbo].[BuildingAssign] ([JobTitleHall], [BuildingCode]) VALUES (N'Fulton', N'FUL')
INSERT [dbo].[BuildingAssign] ([JobTitleHall], [BuildingCode]) VALUES (N'Ferrin and Drew', N'FER')
INSERT [dbo].[BuildingAssign] ([JobTitleHall], [BuildingCode]) VALUES (N'Ferrin and Drew', N'DRW')
INSERT [dbo].[BuildingAssign] ([JobTitleHall], [BuildingCode]) VALUES (N'Chase', N'CHA')
INSERT [dbo].[BuildingAssign] ([JobTitleHall], [BuildingCode]) VALUES (N'Bromley', N'BRO')
INSERT [dbo].[BuildingAssign] ([JobTitleHall], [BuildingCode]) VALUES (N'Road Halls', N'GED')
INSERT [dbo].[BuildingAssign] ([JobTitleHall], [BuildingCode]) VALUES (N'Road Halls', N'CON')
INSERT [dbo].[BuildingAssign] ([JobTitleHall], [BuildingCode]) VALUES (N'Road Halls', N'GRA')
INSERT [dbo].[BuildingAssign] ([JobTitleHall], [BuildingCode]) VALUES (N'Road Halls', N'HIL')
INSERT [dbo].[BuildingAssign] ([JobTitleHall], [BuildingCode]) VALUES (N'Road Halls', N'MCI')
INSERT [dbo].[BuildingAssign] ([JobTitleHall], [BuildingCode]) VALUES (N'Road Halls', N'RID')
INSERT [dbo].[BuildingAssign] ([JobTitleHall], [BuildingCode]) VALUES (N'Nyland', N'NYL')
INSERT [dbo].[BuildingAssign] ([JobTitleHall], [BuildingCode]) VALUES (N'Tavilla', N'TAV')
INSERT [dbo].[BuildingAssign] ([JobTitleHall], [BuildingCode]) VALUES (N'Evans', N'EVN')
INSERT [dbo].[BuildingAssign] ([JobTitleHall], [BuildingCode]) VALUES (N'Road Halls', N'DEX')
